user_id,page_id,timestamp,click
706,258,2025-02-08 12:27:53.852170,0
955,273,2025-03-28 01:28:07.986523,0
394,274,2025-02-22 21:25:06.575182,0
790,83,2025-03-09 00:18:03.174850,0
58,53,2025-02-07 04:40:29.021666,0
1,216,2025-01-02 01:50:28.429653,0
317,228,2025-01-23 02:54:03.738174,0
473,484,2025-02-17 16:18:00.944457,0
766,159,2025-01-22 23:16:34.605136,0
287,66,2025-03-24 16:11:00.266393,0
915,309,2025-01-31 21:04:39.492082,0
972,458,2025-02-10 09:49:04.038311,0
95,493,2025-03-22 11:34:14.361894,0
765,150,2025-04-23 07:33:22.298371,0
23,244,2025-03-18 21:46:20.041448,0
215,399,2025-01-21 11:02:31.583030,0
410,131,2025-02-01 15:50:11.511794,0
855,148,2025-01-02 10:46:08.169199,0
381,109,2025-01-04 18:27:53.403810,0
552,121,2025-02-10 17:19:44.068134,0
295,120,2025-01-06 21:01:36.838670,0
456,18,2025-04-05 08:52:07.916030,0
169,198,2025-01-16 02:32:55.452117,0
923,484,2025-02-20 13:16:49.972643,0
143,37,2025-04-11 14:21:59.446504,0
698,261,2025-03-08 02:58:16.803227,0
231,254,2025-02-10 12:24:07.008711,0
329,391,2025-02-08 21:39:54.608903,0
297,468,2025-03-20 01:25:29.145045,0
10,446,2025-03-01 11:11:04.930183,0
922,324,2025-02-11 09:49:26.783462,0
230,24,2025-03-30 05:45:01.018224,0
78,425,2025-02-02 23:45:19.531698,0
193,401,2025-03-19 04:58:35.629619,0
109,280,2025-04-06 22:14:36.678513,0
923,263,2025-04-08 23:02:52.497012,0
329,363,2025-03-09 04:42:30.283795,0
867,378,2025-03-30 05:33:03.368248,0
780,341,2025-04-29 05:18:20.226536,0
259,335,2025-01-27 14:54:15.409205,0
85,10,2025-02-08 13:08:30.168800,0
801,302,2025-01-22 14:55:30.383783,0
571,308,2025-02-22 01:51:08.708931,0
262,386,2025-01-16 07:15:04.028522,0
797,119,2025-01-20 16:46:44.633580,0
680,353,2025-03-03 07:32:00.747592,0
701,452,2025-03-17 05:05:43.839209,0
251,324,2025-01-30 15:42:53.989917,0
925,229,2025-01-28 03:23:16.154353,0
702,316,2025-01-07 01:06:49.827124,0
636,84,2025-04-12 14:49:11.620927,0
297,215,2025-01-16 15:52:39.680371,0
237,466,2025-03-20 00:31:19.576139,0
625,217,2025-01-07 06:31:00.751085,0
833,246,2025-03-30 10:22:28.912562,0
448,335,2025-04-01 21:32:20.058457,0
319,482,2025-04-04 13:03:15.725810,0
432,404,2025-02-26 12:24:29.486120,0
886,37,2025-04-14 11:54:05.091268,0
576,219,2025-03-12 12:42:15.699372,0
342,499,2025-03-24 08:46:17.916344,0
389,34,2025-04-12 18:37:49.184995,0
39,67,2025-04-22 10:59:58.408041,0
209,318,2025-01-28 00:15:20.459406,0
856,152,2025-02-05 10:52:07.343953,0
899,365,2025-03-28 22:47:43.086769,0
199,89,2025-01-27 22:45:30.510125,0
760,323,2025-01-01 05:58:27.265350,0
79,477,2025-02-01 19:36:44.935015,0
434,285,2025-03-18 09:31:23.287524,0
842,32,2025-04-01 11:11:00.554421,0
87,39,2025-04-17 03:26:36.911880,0
393,101,2025-01-28 05:56:03.818124,0
244,232,2025-02-16 10:14:09.117427,0
910,68,2025-04-05 10:58:59.972109,0
192,404,2025-02-13 15:29:40.807044,0
540,270,2025-02-22 14:04:10.867727,0
940,226,2025-03-07 19:51:58.157032,0
77,223,2025-03-04 19:39:13.974276,0
993,372,2025-03-29 21:02:43.918516,0
167,284,2025-03-01 16:00:47.941657,0
704,89,2025-04-12 00:58:09.742026,0
544,137,2025-03-01 09:10:17.435571,0
156,250,2025-01-15 19:44:46.145252,0
95,17,2025-01-17 01:12:31.265627,0
117,471,2025-02-23 03:09:02.700399,0
333,311,2025-03-31 19:15:20.684902,0
522,80,2025-01-22 11:44:46.956496,0
646,432,2025-03-05 14:19:04.968574,0
203,116,2025-03-09 15:43:11.623921,0
963,220,2025-01-02 03:05:09.106602,0
253,169,2025-01-05 07:50:53.829247,0
847,316,2025-04-21 23:02:27.738441,0
717,298,2025-01-21 13:03:49.769862,0
372,248,2025-03-15 03:57:40.896903,0
877,465,2025-03-16 19:52:59.505294,0
583,156,2025-03-10 23:58:54.573216,0
614,13,2025-02-17 00:54:26.944997,0
508,465,2025-04-04 00:56:15.974645,0
783,292,2025-01-02 21:16:49.352151,0
220,15,2025-01-26 00:37:04.218671,0
750,117,2025-02-10 14:48:43.129816,0
331,56,2025-04-26 23:35:16.891930,0
351,132,2025-01-15 00:06:04.235788,0
995,226,2025-04-30 16:32:02.226368,0
308,475,2025-02-20 15:20:51.239687,0
906,222,2025-03-14 01:06:37.367809,0
173,340,2025-03-08 21:39:31.178393,0
797,309,2025-04-10 04:31:18.511635,0
157,151,2025-04-04 04:11:12.270578,0
697,178,2025-01-31 03:07:14.153970,0
533,112,2025-01-06 17:59:26.464308,0
683,138,2025-04-15 18:57:50.228142,0
233,332,2025-01-07 04:59:17.287644,0
542,381,2025-01-24 17:08:39.615608,0
307,161,2025-01-22 07:19:41.615691,0
402,78,2025-02-11 03:28:34.862838,0
278,320,2025-03-17 19:56:06.272779,0
533,385,2025-02-20 13:07:47.158413,0
497,363,2025-01-26 20:47:33.294950,0
372,380,2025-03-14 11:03:54.486207,0
655,36,2025-03-19 00:40:59.859435,0
303,438,2025-03-02 04:37:19.058480,0
726,32,2025-02-26 10:32:43.799287,0
186,174,2025-03-28 03:16:52.905109,0
566,161,2025-03-06 23:24:29.544686,0
250,489,2025-03-08 00:53:46.649193,0
763,423,2025-03-11 19:25:35.783389,0
279,171,2025-04-20 21:24:46.911041,0
695,2,2025-01-27 06:54:29.841737,0
194,166,2025-03-08 18:34:51.859694,0
759,499,2025-03-18 00:34:37.256497,0
925,244,2025-04-27 22:58:36.719807,0
110,380,2025-03-11 13:55:54.003178,0
835,487,2025-02-10 20:07:01.255265,0
583,164,2025-04-08 22:07:41.415305,0
285,375,2025-01-06 03:34:35.636066,0
421,113,2025-03-06 06:09:45.522512,0
228,471,2025-04-12 21:21:34.034426,0
813,16,2025-01-15 20:51:48.226557,0
496,31,2025-03-14 19:44:57.293925,0
162,306,2025-02-11 09:26:39.549390,0
705,210,2025-02-14 04:15:26.885295,0
378,446,2025-01-14 16:20:35.017139,0
744,427,2025-01-22 02:24:16.197218,0
696,15,2025-02-18 18:36:19.279004,0
944,305,2025-04-30 23:55:43.477776,0
721,172,2025-01-20 02:28:10.908823,0
778,20,2025-01-06 05:45:29.032246,0
582,8,2025-02-15 16:35:02.474641,0
941,34,2025-03-20 10:11:56.590159,0
736,179,2025-01-21 15:53:29.122688,0
758,490,2025-01-22 09:23:07.325113,0
772,108,2025-02-13 07:34:21.058490,0
754,423,2025-04-13 05:20:28.187533,0
468,24,2025-02-08 07:55:26.431267,0
216,55,2025-04-22 13:41:03.030434,0
26,281,2025-02-05 23:49:53.517929,0
804,327,2025-03-27 23:22:18.955158,0
970,186,2025-01-10 08:07:27.296534,0
495,12,2025-04-01 20:17:47.485381,0
641,372,2025-02-10 02:23:10.269097,0
434,409,2025-01-13 07:27:12.206730,0
208,133,2025-02-15 10:00:42.661627,0
339,196,2025-01-09 14:18:22.915893,0
262,282,2025-03-29 07:56:11.572550,0
369,103,2025-01-08 22:03:33.902515,0
632,183,2025-03-27 09:36:54.976268,0
423,9,2025-02-20 03:58:31.420336,0
557,244,2025-04-10 04:57:57.215571,0
782,112,2025-03-11 09:33:30.005230,0
567,393,2025-01-24 18:56:17.917808,0
527,37,2025-04-18 22:36:08.564554,0
178,127,2025-03-29 12:02:49.866213,0
629,340,2025-04-28 09:37:27.865571,0
72,352,2025-04-29 07:24:51.680064,0
623,149,2025-04-20 07:16:27.968080,0
697,105,2025-04-13 03:59:03.107965,0
659,221,2025-01-20 20:41:36.003973,0
826,351,2025-04-08 02:03:29.734921,0
374,6,2025-02-23 05:03:16.558861,0
260,299,2025-03-22 11:58:07.682697,0
861,42,2025-04-20 23:22:47.027264,0
771,385,2025-02-27 21:07:02.796373,0
492,439,2025-04-01 11:23:40.286237,0
783,47,2025-01-26 01:49:03.498532,0
85,174,2025-04-21 02:22:02.784285,0
58,479,2025-04-09 15:00:19.011228,0
711,209,2025-03-01 13:25:25.870850,0
248,211,2025-04-22 18:13:48.255544,0
39,252,2025-03-22 15:15:33.625181,0
643,414,2025-01-08 05:11:09.115669,0
803,250,2025-03-24 09:56:45.166217,0
953,413,2025-04-25 09:17:32.678275,0
946,446,2025-02-24 05:08:38.207129,0
52,374,2025-01-07 02:38:50.866052,0
526,419,2025-03-21 12:46:45.112984,0
156,442,2025-03-09 21:33:45.006783,0
542,90,2025-03-12 12:44:42.697395,0
903,167,2025-01-05 13:51:41.835019,0
351,69,2025-03-19 18:15:10.587104,0
163,242,2025-02-19 15:24:57.037113,0
495,383,2025-03-10 00:33:09.074192,0
52,142,2025-02-24 21:59:55.864410,0
63,292,2025-03-08 09:46:53.899248,0
91,152,2025-01-08 18:09:51.448192,0
424,157,2025-01-27 23:44:36.244622,0
821,365,2025-01-19 02:09:05.071851,0
150,328,2025-04-30 23:26:31.133215,0
271,369,2025-02-25 01:46:59.863772,0
581,116,2025-02-15 07:42:19.546065,0
704,4,2025-01-15 07:48:42.408165,0
587,402,2025-04-01 14:40:32.269692,0
810,241,2025-01-11 01:55:54.985511,0
30,143,2025-03-26 07:39:55.184541,0
326,183,2025-01-13 16:17:56.457577,0
949,16,2025-04-03 01:13:06.097903,0
111,360,2025-01-04 00:03:42.504847,0
713,107,2025-01-19 16:35:45.349389,0
379,162,2025-03-16 15:11:55.017090,0
283,269,2025-01-03 03:01:49.874676,0
484,155,2025-03-29 18:48:31.505957,0
73,197,2025-04-12 05:38:44.834834,0
243,86,2025-01-10 14:34:44.977440,0
799,259,2025-03-16 09:52:17.531165,0
798,149,2025-02-24 00:40:31.704470,0
867,390,2025-02-15 15:03:33.163257,0
988,416,2025-01-12 00:53:28.616156,0
426,485,2025-04-03 23:51:13.730893,0
702,217,2025-02-09 20:36:45.741612,0
928,355,2025-02-08 10:50:38.076720,0
86,216,2025-03-22 10:56:53.812618,0
423,320,2025-01-07 04:24:48.331391,0
118,414,2025-01-04 18:16:12.309317,0
959,370,2025-03-20 06:36:25.397883,0
992,415,2025-02-08 00:53:57.855292,0
599,40,2025-02-10 07:40:49.348032,0
161,191,2025-04-15 15:32:30.067111,0
537,420,2025-03-20 18:54:19.404760,0
664,95,2025-03-21 23:03:48.518809,0
442,423,2025-04-01 03:41:47.009884,0
558,461,2025-02-10 23:49:18.540715,0
650,471,2025-04-12 23:27:07.429603,0
466,288,2025-03-05 16:27:31.020593,0
865,164,2025-03-28 04:32:54.967450,0
412,400,2025-01-11 03:45:50.776862,0
528,18,2025-04-21 01:03:56.523627,0
136,490,2025-04-11 08:30:16.882329,0
464,247,2025-01-01 04:46:37.584436,0
248,331,2025-02-08 03:33:55.159883,0
710,1,2025-02-06 01:22:02.730417,0
702,381,2025-01-03 08:59:49.648927,0
509,460,2025-04-21 17:08:45.835461,0
505,294,2025-03-25 23:31:31.146853,0
476,45,2025-03-04 09:31:32.630043,0
954,337,2025-01-24 23:34:29.706043,0
897,32,2025-01-11 19:55:14.660129,0
904,118,2025-01-11 16:22:43.961225,0
808,184,2025-04-08 00:23:22.203439,0
191,235,2025-01-08 12:42:00.251136,0
750,216,2025-02-15 05:31:09.358363,0
74,111,2025-01-22 19:14:30.650841,0
103,359,2025-01-25 15:11:47.441157,0
586,420,2025-01-10 19:58:12.450876,0
473,252,2025-01-06 07:38:55.650762,0
114,379,2025-04-19 16:32:46.601729,0
313,330,2025-01-10 02:03:21.481163,0
339,238,2025-03-26 16:18:07.748581,0
173,79,2025-01-15 09:02:12.000928,0
464,386,2025-03-19 05:53:11.781306,0
605,452,2025-01-01 23:40:08.620993,0
501,50,2025-01-16 07:28:59.994674,0
285,223,2025-04-22 13:56:42.171834,0
593,266,2025-02-05 15:30:02.276822,0
667,373,2025-01-04 23:56:50.066132,0
233,399,2025-04-12 11:13:35.034989,0
828,236,2025-03-17 05:48:36.615919,0
671,405,2025-02-05 15:22:13.796638,0
828,251,2025-02-26 05:13:18.534678,0
314,425,2025-03-22 16:06:35.650448,0
942,301,2025-04-29 03:56:55.736847,0
380,282,2025-04-22 06:47:36.865821,0
614,51,2025-04-20 14:47:03.658741,0
420,52,2025-04-11 19:33:17.649347,0
721,307,2025-04-18 18:35:59.683083,0
643,270,2025-04-10 03:20:47.949583,0
945,205,2025-04-09 00:35:00.769496,0
731,257,2025-01-19 01:19:19.354252,0
185,145,2025-01-21 22:47:46.442172,0
690,482,2025-02-05 16:10:59.136068,0
14,246,2025-04-30 07:52:04.062405,0
187,337,2025-01-18 08:09:42.031248,0
259,354,2025-04-07 13:07:53.088741,0
40,89,2025-03-10 11:02:51.683253,0
637,450,2025-03-05 03:55:20.103337,0
418,474,2025-04-10 12:48:16.835087,0
351,9,2025-04-04 20:02:19.805336,0
350,84,2025-03-18 02:23:04.142618,0
533,477,2025-03-08 07:52:46.165071,0
793,358,2025-02-23 08:10:56.185773,0
378,172,2025-04-07 04:22:59.946647,0
25,393,2025-04-16 16:47:44.127027,0
103,190,2025-02-27 13:49:29.583421,0
236,410,2025-01-18 06:11:46.572167,0
825,37,2025-04-25 13:35:55.257569,0
784,293,2025-02-26 14:23:11.269688,0
332,152,2025-03-01 19:43:18.989232,0
794,20,2025-04-27 17:28:38.079344,0
649,471,2025-02-05 09:53:19.903407,0
871,29,2025-03-21 14:24:22.916662,0
543,19,2025-02-03 03:15:52.035851,0
148,471,2025-03-14 10:11:49.609959,0
491,283,2025-02-26 04:38:04.063883,0
862,341,2025-04-10 13:10:21.628689,0
812,163,2025-01-12 05:49:35.000083,0
113,455,2025-04-10 15:25:28.388728,0
662,330,2025-02-25 22:39:56.669647,0
255,87,2025-04-23 06:55:02.506168,0
399,350,2025-02-08 08:40:36.966266,0
610,397,2025-01-03 20:41:29.124634,0
508,132,2025-03-26 15:14:22.643812,0
466,312,2025-02-04 09:35:36.433698,0
407,97,2025-01-25 00:20:41.745112,0
98,290,2025-04-08 03:04:04.502138,0
868,227,2025-02-13 23:17:58.654329,0
657,156,2025-04-07 22:15:28.586467,0
782,162,2025-03-05 21:11:06.035813,0
624,331,2025-01-05 12:16:37.837484,0
697,205,2025-01-19 21:00:44.049443,0
97,377,2025-02-09 08:09:55.365030,0
567,450,2025-03-29 22:22:46.447096,0
994,117,2025-02-08 09:14:32.075253,0
605,293,2025-03-14 20:31:53.373979,0
964,204,2025-03-02 13:48:22.337675,0
794,189,2025-04-14 06:00:08.572039,0
476,323,2025-03-04 00:19:39.460732,0
596,458,2025-01-21 15:25:27.525155,0
180,274,2025-01-08 23:28:27.215820,0
181,447,2025-03-24 00:23:55.127692,0
693,283,2025-01-22 05:58:58.239802,0
287,475,2025-04-03 01:40:35.114662,0
618,129,2025-01-17 01:20:14.890055,0
262,11,2025-04-10 15:55:03.725046,0
162,487,2025-03-29 18:07:25.010339,0
980,447,2025-02-14 02:48:15.919617,0
181,213,2025-03-08 00:56:36.408114,0
469,274,2025-02-03 16:04:44.766553,0
21,275,2025-02-16 02:59:32.490087,0
260,333,2025-01-24 23:13:56.475490,0
466,116,2025-02-27 18:51:35.422763,0
413,25,2025-01-26 10:18:00.075432,0
952,333,2025-04-18 04:37:09.667199,0
766,447,2025-03-11 14:20:48.199425,0
923,444,2025-02-09 05:03:19.247496,0
723,305,2025-03-14 03:32:11.225622,0
833,422,2025-03-24 04:29:07.516008,0
851,436,2025-02-24 23:49:26.845567,0
257,168,2025-03-22 05:12:53.761212,0
849,21,2025-05-01 07:33:38.267606,0
598,15,2025-01-13 22:51:10.176755,0
50,487,2025-01-12 21:38:48.020781,0
304,487,2025-01-10 08:35:17.961037,0
416,305,2025-02-21 16:17:21.342268,0
196,364,2025-02-21 01:08:08.821437,0
813,288,2025-03-13 13:34:55.772246,0
388,245,2025-03-06 19:04:09.411242,0
961,353,2025-01-24 13:37:01.361543,0
455,201,2025-03-12 23:20:42.728378,0
705,336,2025-02-01 16:20:41.109001,0
658,310,2025-03-28 04:40:03.380453,0
127,175,2025-02-16 09:07:28.289650,0
134,66,2025-03-12 18:52:02.578123,0
393,452,2025-01-03 18:23:51.726895,0
365,279,2025-01-24 23:06:13.178369,0
758,363,2025-01-13 19:45:05.663370,0
749,171,2025-03-05 22:00:23.759619,0
51,328,2025-02-24 19:34:57.224851,0
871,153,2025-04-05 13:03:39.522762,0
592,419,2025-01-31 11:56:42.095057,0
145,274,2025-01-10 04:48:06.482669,0
155,399,2025-01-25 08:09:35.627081,0
508,337,2025-02-21 01:35:42.701391,0
363,325,2025-04-02 17:01:30.262217,0
848,143,2025-03-07 14:37:37.124249,0
298,494,2025-04-16 17:03:37.525786,0
546,304,2025-02-11 01:58:57.806112,0
467,392,2025-01-15 08:50:08.710760,0
239,138,2025-01-10 21:39:28.518566,0
766,5,2025-01-09 10:52:34.820431,0
884,176,2025-03-06 02:04:01.185541,0
885,410,2025-04-16 10:35:36.043005,0
726,364,2025-02-16 21:02:05.157376,0
23,318,2025-01-06 09:02:40.262327,0
525,393,2025-03-18 23:48:36.827663,0
753,276,2025-03-14 00:57:52.616481,0
604,108,2025-04-23 13:22:25.410491,0
953,229,2025-03-09 23:08:22.046973,0
664,108,2025-03-24 02:16:06.403454,0
801,404,2025-01-15 11:15:51.655773,0
956,176,2025-01-06 10:10:33.739514,0
320,286,2025-04-12 04:59:54.651406,0
876,329,2025-03-12 20:22:28.566028,0
877,241,2025-03-25 17:02:22.172199,0
657,356,2025-01-13 01:52:30.758351,0
14,275,2025-04-23 16:09:37.183155,0
71,315,2025-02-04 16:45:50.810633,0
195,353,2025-03-28 20:15:02.293161,0
812,416,2025-02-23 22:39:58.285575,0
879,11,2025-01-16 12:24:30.830711,0
106,258,2025-04-26 12:37:23.296744,0
986,381,2025-03-01 13:31:11.612149,0
196,145,2025-02-20 20:48:10.417210,0
977,220,2025-01-22 13:04:00.868272,0
350,424,2025-01-24 16:47:24.676486,0
471,174,2025-01-09 13:10:11.641533,0
216,93,2025-03-31 13:52:18.370208,0
260,422,2025-02-16 17:39:11.483166,0
575,29,2025-04-24 23:20:48.155190,0
787,347,2025-04-11 23:07:09.567216,0
285,484,2025-02-07 01:38:53.121349,0
931,372,2025-03-04 13:18:30.052288,0
70,379,2025-04-16 08:04:23.671008,0
279,231,2025-02-17 10:13:51.186410,0
302,255,2025-04-12 16:35:29.117729,0
684,432,2025-01-18 17:11:07.061381,0
692,264,2025-03-10 21:47:35.716234,0
695,322,2025-01-24 13:22:04.724319,0
717,424,2025-02-11 19:11:26.961542,0
761,213,2025-04-14 17:39:47.488066,0
671,500,2025-01-04 10:50:10.392687,0
944,100,2025-02-05 15:54:08.207151,0
829,112,2025-02-20 01:26:44.833010,0
308,166,2025-01-31 06:56:21.892004,0
475,36,2025-04-24 05:32:37.289338,0
112,87,2025-04-21 04:45:30.063852,0
183,85,2025-02-23 14:56:34.954443,0
781,165,2025-01-25 23:18:46.900417,0
815,90,2025-03-11 14:00:27.399032,0
1000,455,2025-02-07 04:41:00.559814,0
238,487,2025-01-12 07:35:11.813249,0
534,167,2025-03-01 17:24:19.319730,0
727,58,2025-03-05 22:56:21.266656,0
542,402,2025-03-14 23:35:05.017794,0
618,402,2025-01-04 12:14:56.304283,0
842,167,2025-02-05 11:58:25.494481,0
862,154,2025-03-09 19:01:49.528466,0
839,7,2025-03-02 12:16:12.121517,0
197,321,2025-01-28 15:35:16.345375,0
46,18,2025-01-05 20:02:50.047230,0
397,153,2025-01-07 11:41:31.570163,0
1000,264,2025-03-22 17:26:56.672307,0
74,416,2025-01-17 23:45:06.876726,0
657,102,2025-03-10 14:35:17.698128,0
335,335,2025-02-18 07:55:20.624522,0
633,176,2025-03-27 07:57:48.297236,0
575,296,2025-02-02 14:09:35.496870,0
84,15,2025-01-08 00:21:35.635387,0
867,134,2025-02-24 06:20:09.426446,0
478,121,2025-03-23 17:44:36.884942,0
319,392,2025-04-04 01:31:21.880850,0
479,128,2025-04-17 04:33:40.138029,0
368,367,2025-03-04 03:50:27.730585,0
288,301,2025-04-21 22:50:38.275147,0
378,180,2025-01-26 19:26:44.275447,0
463,82,2025-04-09 06:06:51.623719,0
13,24,2025-04-19 15:17:05.207032,0
168,270,2025-04-23 06:43:55.089956,0
988,459,2025-03-03 02:15:39.399962,0
70,318,2025-03-27 17:56:13.118775,0
376,89,2025-02-17 14:54:43.693540,0
701,257,2025-03-14 01:52:50.807732,0
217,450,2025-03-30 23:41:11.592052,0
894,32,2025-02-08 05:30:09.489600,0
141,161,2025-03-09 19:26:41.430110,0
32,312,2025-01-31 10:38:47.565417,0
152,347,2025-03-19 09:16:54.736559,0
260,216,2025-04-17 01:27:12.800542,0
279,285,2025-01-30 21:09:42.226709,0
610,405,2025-04-03 08:43:22.184982,0
542,90,2025-02-14 09:37:45.797007,0
148,144,2025-04-27 08:14:31.551682,0
67,433,2025-04-30 23:29:35.565249,0
869,58,2025-03-10 11:07:54.230808,0
1000,428,2025-03-26 11:02:47.484207,0
793,279,2025-03-31 18:01:36.322527,0
748,443,2025-01-05 15:50:06.343319,0
897,353,2025-03-30 17:30:51.706695,0
399,128,2025-02-03 04:28:43.621067,0
337,482,2025-02-09 15:18:29.949620,0
721,436,2025-03-18 12:39:46.599997,0
186,169,2025-01-22 19:59:33.246905,0
684,260,2025-01-25 11:30:00.271219,0
717,452,2025-02-07 02:19:29.960334,0
647,46,2025-03-05 13:59:40.727995,0
507,9,2025-02-26 15:17:37.117486,0
471,161,2025-01-22 06:00:05.352766,0
289,340,2025-03-26 18:47:30.159181,0
900,321,2025-03-09 16:02:11.320238,0
502,106,2025-01-18 01:53:27.893265,0
802,475,2025-02-04 23:26:45.777197,0
853,88,2025-01-29 05:44:28.405658,0
463,483,2025-04-14 01:00:25.742233,0
704,153,2025-03-14 19:27:49.204848,0
823,137,2025-03-02 20:08:24.670147,0
785,149,2025-01-11 07:42:20.744012,0
188,141,2025-03-07 01:30:51.492650,0
131,452,2025-01-13 11:32:27.017323,0
516,491,2025-03-07 20:24:02.178586,0
476,263,2025-01-10 03:36:21.672677,0
538,459,2025-04-19 02:25:55.541850,0
536,491,2025-01-16 01:26:13.793796,0
778,229,2025-03-28 07:28:36.714322,0
781,125,2025-02-07 06:55:40.215789,0
684,234,2025-01-18 03:27:54.863640,0
295,403,2025-02-25 12:12:42.519598,0
435,275,2025-01-26 07:20:15.211879,0
588,308,2025-01-13 15:28:54.721026,0
726,431,2025-01-08 16:37:41.085907,0
997,376,2025-02-07 08:21:30.537642,0
158,302,2025-01-21 01:53:18.346331,0
204,477,2025-01-15 16:44:19.917567,0
661,75,2025-02-24 18:14:10.027972,0
380,229,2025-04-05 04:16:54.365855,0
304,62,2025-01-12 19:21:02.410909,0
570,274,2025-04-10 06:35:29.768671,0
108,187,2025-04-21 10:01:35.427997,0
987,229,2025-01-11 13:57:51.488483,0
48,319,2025-01-23 00:25:04.339605,0
268,215,2025-01-17 01:59:44.633783,0
802,254,2025-01-28 13:29:59.447307,0
957,358,2025-01-19 14:46:34.449139,0
87,181,2025-03-08 01:18:40.942507,0
25,446,2025-04-29 03:57:59.341497,0
388,222,2025-03-12 12:11:47.527662,0
990,397,2025-01-30 07:56:17.721822,0
938,49,2025-01-14 20:22:49.458199,0
846,440,2025-02-24 08:31:22.046125,0
175,392,2025-02-18 16:06:17.460331,0
311,472,2025-03-18 06:00:27.938544,0
274,35,2025-01-05 11:10:31.042430,0
217,209,2025-03-27 20:51:03.824960,0
672,408,2025-01-11 04:22:13.237379,0
519,269,2025-03-01 15:45:27.035429,0
638,475,2025-01-09 22:09:21.492433,0
880,325,2025-03-24 19:09:23.941438,0
356,90,2025-01-07 03:35:06.275055,0
42,365,2025-01-13 04:15:40.679081,0
671,202,2025-04-16 13:14:35.960705,0
366,282,2025-02-11 21:00:09.815404,0
982,332,2025-02-21 13:30:51.662028,0
288,91,2025-04-16 20:55:28.464745,0
481,125,2025-01-05 13:05:22.705645,0
501,126,2025-04-25 00:00:14.423394,0
52,404,2025-01-19 20:44:28.876876,0
103,361,2025-04-28 21:48:22.425174,0
424,187,2025-03-20 17:59:04.725995,0
205,14,2025-04-13 17:39:29.241628,0
940,104,2025-03-02 15:04:24.268656,0
629,470,2025-04-17 09:16:34.152302,0
466,304,2025-01-12 07:57:23.260498,0
605,427,2025-04-26 23:51:59.554546,0
656,110,2025-01-09 10:57:50.132216,0
675,53,2025-02-25 17:29:10.536956,0
930,3,2025-02-20 14:06:50.448231,0
68,246,2025-01-04 13:05:51.343361,0
389,138,2025-02-19 22:58:07.355465,0
308,413,2025-02-08 02:01:42.962312,0
352,287,2025-02-21 18:10:49.127769,0
66,460,2025-04-07 13:11:17.854281,0
347,325,2025-01-09 00:48:41.540341,0
933,155,2025-04-12 08:07:28.026295,0
599,33,2025-02-15 18:18:37.390596,0
68,187,2025-02-04 00:35:27.765306,0
192,213,2025-02-22 22:52:26.703735,0
600,428,2025-01-21 16:49:47.368750,0
351,108,2025-04-05 23:48:46.406931,0
240,216,2025-03-24 15:20:38.033885,0
177,53,2025-04-22 21:47:48.932698,0
330,49,2025-01-16 20:22:11.545931,0
881,114,2025-04-29 05:34:30.577243,0
450,95,2025-03-18 10:22:26.684025,0
447,25,2025-04-25 00:02:30.003998,0
644,179,2025-03-15 22:26:00.804695,0
395,145,2025-03-16 09:23:41.943671,0
876,450,2025-03-21 19:01:15.822390,0
198,457,2025-01-15 16:59:02.793374,0
837,84,2025-01-21 11:45:49.412658,0
669,85,2025-01-23 10:19:06.194025,0
457,476,2025-02-05 18:10:57.827747,0
253,375,2025-03-27 13:26:49.890342,0
72,223,2025-01-11 01:38:14.360000,0
276,283,2025-01-16 11:50:37.511196,0
776,246,2025-01-20 21:27:54.442052,0
341,61,2025-04-21 10:56:17.188829,0
924,471,2025-02-21 05:28:38.765821,0
454,259,2025-02-21 11:21:48.189107,0
965,457,2025-03-03 02:43:52.006669,0
7,188,2025-03-28 13:26:42.995776,0
4,231,2025-01-09 12:33:16.760473,0
645,395,2025-02-03 09:51:13.572326,0
125,15,2025-04-27 15:35:33.881670,0
960,482,2025-01-05 02:23:43.253831,0
525,118,2025-04-22 11:07:27.394328,0
240,263,2025-03-26 16:58:06.031938,0
360,6,2025-04-12 20:28:37.536905,0
952,320,2025-04-12 23:20:42.729479,0
231,434,2025-01-26 20:42:09.337015,0
30,22,2025-04-12 23:20:29.585968,0
921,156,2025-03-06 12:44:00.734860,0
630,340,2025-03-28 16:27:51.216859,0
935,451,2025-04-14 19:32:27.364885,0
901,193,2025-01-28 05:03:30.803939,0
399,346,2025-01-06 13:12:20.281908,0
195,168,2025-03-30 20:01:02.784650,0
377,489,2025-02-01 20:37:10.482872,0
751,362,2025-04-06 13:48:20.791911,0
482,244,2025-03-21 18:01:51.930883,0
581,95,2025-01-21 02:15:11.277434,0
589,171,2025-01-14 02:50:17.063156,0
513,406,2025-04-08 22:11:49.970772,0
574,207,2025-03-29 13:50:00.721118,0
154,274,2025-03-17 09:50:46.691133,0
48,137,2025-04-09 22:40:22.472618,0
1,235,2025-02-18 14:45:40.766187,0
905,256,2025-03-10 14:01:28.551585,0
407,107,2025-01-16 04:22:31.123134,0
173,130,2025-04-17 00:38:28.324729,0
398,294,2025-01-01 02:22:07.642294,0
552,447,2025-01-15 11:57:02.512421,0
850,16,2025-01-03 01:00:51.275259,0
639,373,2025-02-08 03:36:06.614130,0
349,492,2025-03-07 00:20:19.342432,0
203,134,2025-02-11 10:12:05.105516,0
771,14,2025-04-27 02:26:43.798815,0
508,66,2025-04-13 05:21:25.497501,0
480,351,2025-01-20 03:55:59.638948,0
459,342,2025-04-20 07:25:46.585143,0
707,114,2025-04-16 07:43:54.038600,0
159,161,2025-02-28 05:55:39.234615,0
254,472,2025-01-29 18:55:04.191713,0
897,428,2025-01-02 22:42:30.152512,0
527,37,2025-01-31 09:25:45.994785,0
155,486,2025-04-14 11:16:39.427067,0
432,27,2025-04-17 13:42:38.035004,0
12,67,2025-03-21 10:58:35.887454,0
542,96,2025-03-11 05:45:02.158620,0
215,194,2025-03-23 04:31:18.034161,0
647,290,2025-01-14 04:49:55.610583,0
544,373,2025-04-08 10:46:56.862082,0
39,352,2025-04-28 05:00:12.139751,0
939,427,2025-03-14 03:23:15.182116,0
206,387,2025-04-02 06:31:16.888834,0
942,416,2025-04-28 07:42:18.046759,0
555,484,2025-04-09 02:19:22.121717,0
337,496,2025-02-16 16:22:37.080249,0
771,249,2025-03-17 09:53:16.320609,0
74,373,2025-01-27 23:13:35.426448,0
831,367,2025-04-18 03:37:14.443090,0
808,274,2025-02-21 23:54:24.347710,0
835,359,2025-03-05 11:40:34.377409,0
702,138,2025-01-04 11:57:18.065598,0
948,457,2025-04-02 03:41:52.859859,0
814,311,2025-02-11 14:56:35.809750,0
942,331,2025-02-13 19:16:59.052273,0
444,353,2025-04-17 09:33:00.872074,0
996,282,2025-04-08 13:59:51.954155,0
411,166,2025-03-06 11:39:51.697809,0
790,26,2025-01-11 01:20:20.713531,0
982,453,2025-02-09 03:11:31.879422,0
419,450,2025-02-16 17:40:11.669178,0
995,73,2025-03-17 21:07:44.391705,0
115,51,2025-02-22 22:51:43.772886,0
369,402,2025-02-19 15:33:15.297753,0
683,268,2025-04-30 21:55:09.111253,0
515,210,2025-02-22 17:51:28.900612,0
888,486,2025-03-04 22:57:06.070379,0
903,481,2025-01-18 18:43:05.519449,0
902,338,2025-02-20 21:21:21.679914,0
813,383,2025-04-02 09:48:33.840995,0
854,115,2025-04-18 22:28:13.303983,0
679,435,2025-03-28 07:44:29.656985,0
777,227,2025-02-01 16:12:58.726434,0
663,268,2025-01-21 06:22:21.611158,0
116,88,2025-03-23 13:56:32.560299,0
830,242,2025-03-30 20:40:47.436781,0
360,329,2025-01-07 05:41:48.486017,0
845,40,2025-04-22 15:20:34.592667,0
182,490,2025-03-27 10:47:53.358982,0
209,391,2025-01-03 17:20:22.091396,0
273,119,2025-01-23 02:34:04.382241,0
382,434,2025-02-10 12:07:56.446899,0
536,258,2025-04-09 10:25:27.203943,0
483,92,2025-05-01 00:46:05.309216,0
979,161,2025-03-06 10:26:38.661765,0
149,117,2025-04-30 18:01:36.878872,0
458,53,2025-04-29 07:17:44.142885,0
814,45,2025-04-05 23:54:29.602402,0
777,486,2025-02-08 01:32:59.943210,0
774,307,2025-04-26 18:09:16.209655,0
234,375,2025-03-25 02:12:40.303448,0
547,338,2025-02-17 18:44:44.331357,0
949,403,2025-02-22 10:17:54.579218,0
197,25,2025-01-31 06:32:03.660452,0
395,202,2025-01-19 13:21:01.919624,0
785,36,2025-02-26 15:02:17.351021,0
474,223,2025-02-08 05:57:03.191609,0
864,277,2025-04-12 02:05:11.509514,0
530,188,2025-01-28 06:47:51.139924,0
402,257,2025-03-13 12:35:14.462087,0
654,136,2025-04-20 08:58:48.048159,0
962,307,2025-03-08 23:33:58.554039,0
591,444,2025-04-15 00:44:26.785811,0
418,292,2025-02-11 12:28:21.997308,0
574,129,2025-04-23 23:35:23.700065,0
341,298,2025-03-05 07:13:44.617606,0
257,480,2025-02-20 13:42:10.994079,0
724,54,2025-01-04 04:57:30.560396,0
687,100,2025-03-19 04:52:10.287790,0
39,414,2025-02-01 07:58:41.262129,0
263,150,2025-03-26 16:25:03.689769,0
633,178,2025-03-10 16:03:36.421954,0
813,330,2025-03-10 09:00:46.875803,0
120,72,2025-02-16 18:04:25.151005,0
219,394,2025-03-13 08:07:43.990460,0
910,302,2025-03-17 09:44:56.896734,0
123,244,2025-02-08 08:20:18.164062,0
886,75,2025-02-11 01:29:54.943816,0
518,21,2025-04-04 18:33:51.547797,0
190,225,2025-03-14 12:40:52.904100,0
915,103,2025-04-13 13:30:52.287166,0
856,466,2025-02-09 06:33:04.995049,0
99,500,2025-03-23 07:03:57.924146,0
830,363,2025-01-07 21:00:54.082362,0
997,83,2025-03-22 01:51:58.605536,0
693,152,2025-04-29 07:40:29.370759,0
56,190,2025-04-19 22:52:29.710393,0
930,22,2025-03-07 16:45:57.179392,0
580,185,2025-01-31 18:53:11.700825,0
522,66,2025-02-27 20:22:51.903151,0
264,225,2025-01-12 15:18:37.863076,0
635,38,2025-04-29 00:31:25.160919,0
123,318,2025-04-05 11:34:42.274372,0
156,394,2025-03-27 01:39:47.894358,0
301,321,2025-04-11 05:04:52.530669,0
994,67,2025-04-02 15:49:09.724835,0
905,133,2025-01-14 12:53:51.925419,0
874,394,2025-01-26 18:53:59.562423,0
652,82,2025-04-07 07:44:05.773772,0
570,149,2025-01-15 12:42:09.202064,0
405,449,2025-04-11 04:48:19.647895,0
131,69,2025-03-24 01:06:37.824905,0
345,250,2025-04-18 04:51:01.767473,0
320,177,2025-04-29 03:22:17.323366,0
584,17,2025-03-18 17:31:39.429492,0
841,160,2025-02-13 06:47:19.546020,0
582,113,2025-03-11 19:57:11.165812,0
744,21,2025-04-01 06:43:42.511003,0
135,263,2025-01-14 00:15:59.163114,0
111,487,2025-01-03 04:20:03.110310,0
758,283,2025-02-09 12:51:29.477922,0
520,457,2025-03-12 09:44:12.288925,0
796,207,2025-02-03 19:54:06.513008,0
194,455,2025-04-08 13:20:39.777846,0
47,466,2025-04-10 08:41:08.073953,0
342,242,2025-03-09 17:01:16.624607,0
522,370,2025-03-05 04:41:16.965613,0
801,391,2025-01-23 13:28:41.715918,0
131,270,2025-02-08 12:06:11.012847,0
940,302,2025-03-12 23:53:39.674082,0
61,164,2025-04-12 22:02:19.435212,0
525,272,2025-03-18 13:20:35.433096,0
720,246,2025-02-27 04:38:16.638401,0
133,244,2025-04-07 06:52:24.075063,0
985,294,2025-02-21 15:53:57.241031,0
998,434,2025-03-19 12:44:46.719044,0
38,359,2025-04-01 11:08:52.141922,0
568,319,2025-01-02 19:05:33.712192,0
510,376,2025-04-03 16:38:24.460571,0
560,105,2025-04-25 20:19:42.626484,0
474,59,2025-04-27 15:44:32.768234,0
589,428,2025-02-10 03:46:24.447860,0
499,218,2025-01-03 22:49:01.588923,0
895,55,2025-03-06 18:43:34.702678,0
567,129,2025-03-24 18:08:05.952747,0
904,383,2025-03-16 14:28:38.212575,0
388,85,2025-02-20 03:15:56.097036,0
510,214,2025-04-13 03:51:53.278053,0
627,437,2025-01-14 10:55:06.838080,0
826,293,2025-02-04 18:28:28.948510,0
49,67,2025-01-12 00:12:56.064368,0
787,129,2025-03-09 23:38:40.686592,0
29,343,2025-03-30 09:57:53.396658,0
545,119,2025-03-01 02:34:05.009392,0
692,425,2025-02-17 05:58:01.627621,0
663,133,2025-04-09 23:06:11.444194,0
327,185,2025-02-26 08:05:46.915043,0
506,134,2025-04-10 16:59:08.536921,0
689,22,2025-02-24 19:45:18.414217,0
241,77,2025-03-24 02:00:55.988192,0
716,4,2025-04-05 05:26:00.411092,0
840,448,2025-01-24 21:45:07.802257,0
165,415,2025-03-31 00:29:30.777124,0
933,128,2025-03-20 23:49:59.927788,0
557,218,2025-01-09 22:00:59.475579,0
747,136,2025-02-28 13:00:28.712486,0
680,481,2025-02-06 17:21:18.699011,0
749,93,2025-04-11 14:26:48.817843,0
5,156,2025-04-20 08:35:07.543357,0
757,360,2025-02-27 22:40:07.868633,0
81,247,2025-01-01 23:29:17.422390,0
855,493,2025-02-01 16:42:16.966170,0
649,386,2025-04-29 06:11:34.650264,0
575,480,2025-03-27 00:03:49.707098,0
307,116,2025-03-18 19:30:46.487335,0
625,31,2025-02-09 00:58:18.297735,0
7,414,2025-02-13 09:47:57.073455,0
954,3,2025-04-08 03:24:41.024275,0
819,243,2025-04-06 23:38:36.993926,0
568,73,2025-03-30 18:43:16.475607,0
10,61,2025-02-05 16:10:31.395461,0
562,122,2025-02-12 08:17:38.626223,0
687,474,2025-04-10 05:49:44.349586,0
513,478,2025-02-07 08:41:32.455118,0
441,38,2025-02-21 01:32:52.895245,0
702,79,2025-02-28 20:21:35.575812,0
345,454,2025-04-29 11:49:41.943623,0
338,449,2025-04-29 11:58:49.805879,0
702,184,2025-03-31 05:14:34.191993,0
67,17,2025-03-19 03:10:32.975758,0
383,368,2025-04-26 19:11:08.771393,0
904,316,2025-03-09 17:55:45.486614,0
497,296,2025-03-23 05:48:55.652618,0
721,345,2025-03-15 22:48:12.416991,0
958,41,2025-03-19 19:32:29.768697,0
908,477,2025-03-14 13:26:00.658252,0
473,115,2025-01-08 21:08:37.423475,0
100,373,2025-01-08 06:54:21.831120,0
438,345,2025-02-04 02:00:07.728850,0
349,139,2025-03-27 19:35:16.188221,0
828,324,2025-02-07 02:31:21.937651,0
846,302,2025-02-07 22:36:42.035537,0
294,445,2025-01-15 19:55:25.191662,0
529,322,2025-01-17 20:11:00.456413,0
968,292,2025-01-27 06:59:11.134981,0
74,263,2025-04-29 16:34:56.860922,0
484,16,2025-01-31 04:23:36.276644,0
526,336,2025-01-03 00:02:05.410625,0
793,361,2025-01-23 15:36:59.531060,0
516,413,2025-04-19 09:01:05.889618,0
127,312,2025-03-07 21:50:30.535537,0
518,129,2025-01-01 15:53:06.508732,0
511,423,2025-04-28 15:17:55.141227,0
385,371,2025-02-18 03:40:49.591136,0
232,447,2025-01-02 11:01:09.078291,0
825,195,2025-03-25 22:27:43.010923,0
65,321,2025-01-16 07:15:12.846124,0
615,277,2025-02-24 08:14:30.664380,0
670,224,2025-03-19 02:33:37.104578,0
801,432,2025-02-09 00:14:13.685239,0
278,478,2025-02-11 03:55:21.042703,0
694,366,2025-03-19 01:51:38.626744,0
516,215,2025-04-22 04:35:52.904960,0
439,428,2025-03-05 06:30:44.107721,0
729,396,2025-03-11 10:43:54.584608,0
209,463,2025-03-27 18:09:06.420425,0
586,227,2025-02-13 02:44:05.281275,0
375,500,2025-02-28 10:08:14.165493,0
948,93,2025-02-18 13:00:01.270815,0
460,65,2025-03-02 08:44:29.334835,0
321,10,2025-03-22 22:16:52.995230,0
914,303,2025-01-09 03:09:01.780589,0
322,305,2025-01-16 15:31:12.766270,0
456,278,2025-02-09 09:29:17.526354,0
598,26,2025-01-03 11:02:02.248001,0
730,393,2025-01-05 03:44:02.822856,0
917,95,2025-01-10 20:23:52.557116,0
756,447,2025-03-28 17:29:21.997670,0
107,390,2025-04-16 16:05:38.685032,0
760,14,2025-02-06 15:45:56.195791,0
673,71,2025-02-18 04:30:36.842888,0
664,457,2025-01-13 21:09:13.307390,0
587,376,2025-02-12 14:25:01.864218,0
727,368,2025-04-24 13:35:10.917455,0
51,386,2025-01-21 20:03:56.657794,0
143,419,2025-01-17 03:44:38.104377,0
548,500,2025-01-16 09:31:00.027227,0
886,476,2025-02-09 00:45:53.296113,0
167,236,2025-04-27 23:18:06.066247,0
260,192,2025-03-01 01:11:07.745097,0
202,262,2025-04-30 13:31:12.892939,0
185,158,2025-04-20 07:28:25.586737,0
758,110,2025-04-06 02:18:14.491080,0
99,241,2025-01-12 18:55:56.135992,0
491,202,2025-01-25 10:36:08.879695,0
634,117,2025-03-13 10:45:08.785474,0
96,234,2025-04-30 12:55:16.611732,0
490,67,2025-01-12 00:28:18.821393,0
888,218,2025-04-27 08:03:13.668957,0
527,273,2025-01-12 13:07:59.432903,0
219,274,2025-01-21 06:41:56.614579,0
883,147,2025-04-06 15:41:51.231071,0
332,344,2025-03-24 10:04:20.359129,0
453,152,2025-03-08 07:31:29.011760,0
347,304,2025-03-06 16:47:33.588767,0
414,15,2025-03-17 13:33:56.840726,0
431,379,2025-02-24 11:25:53.760619,0
998,383,2025-04-21 04:23:44.102605,0
428,354,2025-02-28 21:16:23.005565,0
923,84,2025-01-21 18:38:37.574875,0
192,41,2025-02-24 14:55:05.437591,0
864,324,2025-02-04 12:39:23.518060,0
773,309,2025-03-18 09:46:31.247865,0
378,136,2025-04-15 15:03:56.975087,0
790,106,2025-02-17 12:03:55.839705,0
519,406,2025-04-26 20:52:57.005151,0
814,30,2025-02-18 12:14:15.933472,0
126,357,2025-01-11 06:14:09.761456,0
400,79,2025-02-13 10:17:06.196344,0
389,67,2025-01-16 06:34:05.461963,0
535,189,2025-01-28 23:52:59.184705,0
74,5,2025-01-15 07:57:10.330465,0
919,463,2025-04-28 23:19:39.775381,0
82,25,2025-02-22 03:44:54.303882,0
776,479,2025-01-25 04:58:25.639001,0
405,2,2025-03-21 06:17:34.006216,0
278,328,2025-03-11 16:28:33.630826,0
855,224,2025-03-02 20:24:09.299090,0
584,68,2025-03-21 16:43:21.038688,0
320,94,2025-04-26 03:38:48.228945,0
19,128,2025-01-08 01:47:10.456352,0
343,82,2025-01-05 05:00:09.883517,0
766,437,2025-03-19 23:13:53.668020,0
733,343,2025-01-28 14:46:09.354972,0
97,52,2025-03-09 17:51:09.084354,0
175,338,2025-04-22 16:33:52.841287,0
694,428,2025-03-27 23:09:14.205205,0
353,391,2025-03-19 05:44:31.016178,0
115,348,2025-02-22 10:00:11.196928,0
1,63,2025-03-06 22:37:05.142948,0
760,231,2025-03-24 20:16:43.855903,0
226,423,2025-03-04 07:15:07.531604,0
19,31,2025-03-14 16:11:24.315401,0
845,121,2025-04-25 03:01:02.215798,0
24,325,2025-03-14 23:21:04.286415,0
983,211,2025-01-31 15:57:23.361805,0
961,161,2025-04-13 13:53:21.945451,0
255,59,2025-03-12 18:13:43.322501,0
114,417,2025-04-27 10:38:18.627594,0
672,443,2025-04-17 07:59:48.800107,0
220,357,2025-03-20 14:39:29.955088,0
169,12,2025-02-19 17:33:02.941081,0
969,242,2025-01-15 20:46:41.635222,0
375,139,2025-04-22 03:00:21.761317,0
97,147,2025-01-19 13:48:12.994451,0
182,57,2025-02-26 07:55:54.936723,0
42,354,2025-01-22 11:57:44.943761,0
711,31,2025-01-31 08:23:09.387888,0
692,2,2025-02-25 09:28:57.023344,0
979,422,2025-03-11 23:24:06.796693,0
288,138,2025-01-23 08:19:21.998491,0
617,392,2025-01-13 07:06:04.194291,0
730,222,2025-01-15 16:27:18.985193,0
331,105,2025-03-04 23:13:05.347685,0
404,404,2025-01-03 18:28:58.376936,0
127,265,2025-03-17 03:49:16.023977,0
712,252,2025-03-08 18:42:50.329866,0
15,226,2025-04-12 08:36:43.768850,0
984,353,2025-04-20 17:20:20.843790,0
105,233,2025-04-10 13:03:32.605127,0
493,319,2025-02-15 18:56:56.369028,0
1000,219,2025-04-21 03:23:50.655696,0
277,261,2025-04-08 20:29:58.392974,0
893,419,2025-04-26 07:46:46.925410,0
341,452,2025-04-15 02:07:25.996045,0
369,432,2025-03-03 17:56:51.792616,0
848,479,2025-01-07 16:01:01.751087,0
474,190,2025-04-11 03:20:37.767880,0
884,419,2025-02-08 06:36:33.938213,0
710,353,2025-04-23 02:47:50.753709,0
789,336,2025-04-20 04:26:48.837338,0
495,39,2025-02-13 16:18:19.851885,0
162,490,2025-01-26 23:52:15.534824,0
121,380,2025-02-23 06:04:43.033288,0
399,262,2025-01-11 23:01:33.871934,0
962,216,2025-02-05 19:38:20.909957,0
824,49,2025-04-23 04:00:40.054944,0
604,129,2025-03-25 11:33:49.568562,0
833,28,2025-02-18 05:38:07.415543,0
356,148,2025-01-15 02:46:25.786223,0
432,328,2025-01-01 04:56:47.192849,0
65,218,2025-02-06 20:32:31.915228,0
563,427,2025-03-13 22:05:32.850844,0
817,409,2025-02-14 12:23:58.788472,0
74,460,2025-01-16 07:28:16.841328,0
425,199,2025-03-06 23:59:28.117736,0
192,189,2025-02-06 18:01:11.471288,0
12,239,2025-03-30 01:01:46.984345,0
872,81,2025-04-09 08:09:37.395185,0
453,383,2025-04-16 05:09:39.055858,0
782,290,2025-03-14 12:19:34.076611,0
48,317,2025-03-27 18:26:39.594990,0
209,35,2025-01-03 18:58:47.031944,0
119,65,2025-02-28 05:39:32.763255,0
315,242,2025-01-06 15:10:33.006411,0
36,463,2025-04-01 01:16:49.031709,0
764,403,2025-01-07 06:56:45.310647,0
755,42,2025-04-24 10:55:02.223113,0
581,403,2025-01-08 01:26:20.604580,0
107,39,2025-01-25 11:08:43.116350,0
581,180,2025-02-23 13:50:42.913141,0
12,339,2025-04-04 01:20:14.389141,0
943,204,2025-01-13 06:56:18.354942,0
548,126,2025-01-18 21:26:58.958779,0
63,332,2025-02-27 08:17:08.833389,0
82,497,2025-02-01 17:31:31.568007,0
819,496,2025-02-23 10:32:01.294704,0
299,34,2025-02-15 08:37:46.123197,0
752,97,2025-02-03 03:25:22.177517,0
49,146,2025-04-03 08:08:57.571120,0
637,189,2025-01-28 04:36:56.091489,0
57,349,2025-03-15 17:58:51.229067,0
109,5,2025-03-22 06:11:50.839291,0
985,24,2025-01-13 00:15:36.187029,0
221,448,2025-05-01 01:33:38.224944,0
315,294,2025-04-15 22:06:48.516386,0
929,10,2025-03-19 22:09:01.731187,0
677,481,2025-02-17 08:19:51.057653,0
727,126,2025-02-01 01:14:27.309028,0
267,280,2025-01-17 05:31:01.970715,0
88,455,2025-04-26 13:18:29.968732,0
626,21,2025-03-12 15:40:11.209697,0
148,245,2025-02-21 11:03:37.562406,0
778,217,2025-04-02 10:37:00.289300,0
431,484,2025-01-13 14:43:44.327290,0
752,431,2025-02-13 11:07:22.287255,0
911,428,2025-02-03 00:19:36.318406,0
744,232,2025-04-06 10:31:40.552628,0
242,190,2025-03-26 08:43:37.908558,0
902,229,2025-02-05 14:49:27.545643,0
66,460,2025-03-17 14:55:31.620897,0
378,388,2025-04-22 19:47:18.736323,0
791,269,2025-04-15 06:09:36.442870,0
209,415,2025-04-20 21:48:55.978972,0
16,297,2025-02-07 10:32:58.793867,0
986,220,2025-01-18 10:00:40.412449,0
769,367,2025-04-01 19:42:10.185223,0
780,229,2025-01-10 19:50:26.240587,0
631,440,2025-01-21 02:02:30.890443,0
690,20,2025-03-28 08:28:17.331858,0
450,36,2025-04-12 16:39:51.425190,0
847,422,2025-02-15 15:15:51.298412,0
918,108,2025-04-05 08:20:49.884276,0
189,178,2025-02-13 07:29:37.271313,0
608,315,2025-02-13 21:57:50.010554,0
20,164,2025-01-27 00:30:06.393805,0
382,97,2025-03-28 01:42:14.244283,0
143,62,2025-03-17 23:50:08.530995,0
242,238,2025-04-22 14:22:22.738012,0
131,93,2025-02-08 10:54:44.361536,0
603,133,2025-03-23 11:59:18.527294,0
123,440,2025-03-02 05:38:48.309350,0
927,342,2025-04-16 13:39:23.560868,0
419,118,2025-04-21 20:10:50.643336,0
455,198,2025-01-12 09:50:31.227730,0
282,374,2025-02-19 08:26:01.030596,0
1,211,2025-04-03 11:04:57.987355,0
775,420,2025-03-04 04:19:00.757255,0
332,212,2025-04-05 19:33:02.194493,0
87,153,2025-04-05 08:24:11.704387,0
862,187,2025-03-12 01:08:28.257557,0
61,285,2025-02-02 11:48:55.816747,0
95,274,2025-01-13 04:35:10.280074,0
553,147,2025-03-03 03:54:29.833683,0
246,132,2025-04-10 23:16:12.669824,0
961,297,2025-01-04 00:43:35.732693,0
123,143,2025-02-09 03:03:42.937471,0
694,192,2025-02-28 15:18:35.796173,0
456,399,2025-04-14 22:04:38.011402,0
719,434,2025-04-06 06:55:33.343297,0
231,22,2025-04-04 19:41:20.324219,0
402,80,2025-04-22 18:54:08.200551,0
130,292,2025-04-10 00:18:55.354916,0
276,400,2025-03-07 08:36:21.076939,0
835,376,2025-01-08 22:54:25.508321,0
926,55,2025-04-14 05:26:46.300316,0
578,227,2025-01-25 19:30:43.846672,0
26,441,2025-04-01 19:18:27.886463,0
765,197,2025-01-18 05:43:55.135874,0
642,243,2025-04-21 15:27:10.725521,0
824,212,2025-02-25 10:07:07.641330,0
190,290,2025-04-21 06:42:30.661598,0
738,246,2025-01-20 07:16:30.675975,0
568,55,2025-04-22 01:01:00.767530,0
276,306,2025-04-02 10:07:16.897142,0
409,340,2025-03-23 03:48:54.809319,0
153,53,2025-03-14 16:52:39.428791,0
398,444,2025-03-11 10:14:21.530196,0
623,492,2025-04-06 03:42:36.731276,0
427,491,2025-01-03 14:48:03.097051,0
958,487,2025-01-03 07:48:35.415814,0
204,112,2025-01-26 02:24:20.993677,0
325,447,2025-01-16 18:10:01.658942,0
258,438,2025-04-05 21:20:14.724075,0
528,439,2025-01-10 18:04:40.781317,0
350,495,2025-04-17 14:02:37.802170,0
939,445,2025-03-21 00:37:07.602725,0
678,301,2025-03-31 11:46:55.586835,0
894,435,2025-03-28 08:46:48.934981,0
426,280,2025-03-02 07:40:35.629031,0
371,158,2025-01-25 17:24:59.912104,0
933,249,2025-01-20 12:56:45.224153,0
891,181,2025-02-28 18:50:48.403414,0
703,487,2025-01-30 03:07:54.407062,0
651,78,2025-01-08 11:14:23.646872,0
919,373,2025-03-13 15:31:35.957945,0
336,50,2025-03-29 22:11:20.512367,0
85,183,2025-03-23 08:29:03.639268,0
695,4,2025-02-05 04:11:59.802177,0
993,438,2025-01-22 20:00:15.774279,0
317,111,2025-04-26 01:59:29.984177,0
334,339,2025-03-11 22:07:56.315214,0
763,133,2025-02-09 13:22:06.413718,0
612,479,2025-02-04 04:23:25.712038,0
914,172,2025-01-06 00:25:25.598505,0
799,119,2025-04-19 12:04:13.104879,0
350,405,2025-03-19 07:51:41.136923,0
687,30,2025-02-18 18:34:43.422436,0
55,361,2025-03-09 00:26:11.029808,0
708,453,2025-03-24 01:19:00.450378,0
553,173,2025-03-01 23:24:50.033410,0
330,219,2025-02-02 12:45:16.887551,0
208,158,2025-02-15 05:46:16.857668,0
845,228,2025-04-24 19:08:26.690094,0
85,173,2025-03-26 08:12:08.277607,0
245,360,2025-03-24 19:32:08.175600,0
685,335,2025-03-15 17:07:25.125209,0
212,84,2025-04-22 05:22:54.172695,0
685,183,2025-01-22 15:51:33.957349,0
955,133,2025-03-21 13:53:39.917286,0
892,288,2025-01-08 14:46:38.377633,0
774,350,2025-04-11 06:35:54.012493,0
282,293,2025-04-10 03:55:43.628669,0
269,349,2025-02-14 23:17:38.771022,0
197,25,2025-01-23 14:47:27.168313,0
653,472,2025-02-06 06:40:05.909001,0
735,20,2025-04-24 03:00:31.909845,0
759,328,2025-04-28 21:58:17.046842,0
956,201,2025-01-17 15:53:13.036463,0
405,115,2025-04-19 19:11:06.874213,0
895,189,2025-01-22 22:42:23.880877,0
980,463,2025-03-05 01:49:35.084252,0
26,54,2025-01-31 13:01:06.118821,0
682,395,2025-04-24 22:14:17.127439,0
933,489,2025-02-16 01:22:16.748872,0
381,11,2025-02-10 12:23:49.407592,0
539,350,2025-02-09 20:16:03.482108,0
83,290,2025-01-28 23:36:59.997687,0
550,445,2025-02-23 03:11:36.805541,0
87,437,2025-03-08 10:01:48.859706,0
833,387,2025-02-06 03:34:00.335677,0
963,156,2025-01-13 20:52:50.490535,0
398,308,2025-02-15 14:46:58.841693,0
286,186,2025-04-29 00:33:19.014918,0
694,453,2025-03-23 10:03:51.408781,0
369,143,2025-03-30 10:29:23.320353,0
422,206,2025-01-10 02:09:02.915685,0
654,185,2025-04-06 07:48:23.472411,0
443,241,2025-03-29 20:53:33.517350,0
520,72,2025-03-09 09:05:43.029364,0
915,288,2025-02-26 19:17:59.079609,0
95,157,2025-02-04 19:34:10.234665,0
41,331,2025-02-22 22:33:13.109816,0
813,269,2025-02-22 23:17:47.765052,0
155,275,2025-01-23 21:13:01.815310,0
666,53,2025-02-25 17:45:58.905107,0
179,421,2025-02-23 18:27:06.319048,0
752,137,2025-02-02 06:18:29.280792,0
767,476,2025-03-01 06:58:53.184507,0
736,180,2025-03-24 23:16:56.611959,0
182,259,2025-04-18 23:20:04.898276,0
243,96,2025-04-03 12:43:41.601629,0
197,392,2025-01-07 07:35:18.070248,0
526,120,2025-01-14 18:52:58.788653,0
387,408,2025-02-27 06:31:32.565706,0
269,171,2025-01-14 13:30:41.238703,0
925,72,2025-02-21 18:41:24.999268,0
691,170,2025-02-20 11:26:23.489150,0
159,447,2025-02-22 00:44:26.770400,0
666,402,2025-03-20 22:25:23.838563,0
82,57,2025-03-27 01:48:23.554270,0
519,112,2025-03-20 14:54:45.970711,0
998,48,2025-01-05 09:22:12.402481,0
592,375,2025-04-09 06:13:27.926763,0
376,316,2025-01-04 00:01:44.075954,0
33,115,2025-04-28 15:09:26.799999,0
896,3,2025-01-28 04:06:16.768810,0
486,4,2025-03-12 12:03:19.916018,0
868,260,2025-03-12 07:54:33.537586,0
42,9,2025-01-03 00:46:05.443262,0
1000,307,2025-02-06 23:36:35.354507,0
657,401,2025-01-15 09:41:34.937183,0
609,276,2025-03-10 03:12:10.150599,0
142,278,2025-01-19 01:14:04.756149,0
436,27,2025-01-08 10:26:56.760935,0
43,131,2025-02-04 12:21:16.805109,0
216,94,2025-03-21 13:47:49.162759,0
520,86,2025-04-06 09:18:53.647624,0
345,138,2025-04-30 19:57:26.348607,0
881,413,2025-01-27 11:37:08.710679,0
936,246,2025-03-30 17:13:51.857976,0
449,500,2025-04-07 03:50:46.163065,0
21,487,2025-03-28 14:24:10.703617,0
408,457,2025-02-10 16:21:20.979633,0
444,492,2025-01-02 09:55:59.571609,0
922,265,2025-01-25 03:55:41.181381,0
660,184,2025-04-24 12:11:31.316042,0
227,292,2025-03-09 01:06:53.736006,0
548,246,2025-03-15 16:21:25.184736,0
73,150,2025-01-25 21:44:40.009563,0
513,69,2025-04-22 08:02:07.797989,0
969,293,2025-04-26 16:08:54.334638,0
230,211,2025-01-09 09:51:25.566593,0
72,490,2025-02-12 22:14:24.484718,0
875,96,2025-03-10 09:52:45.963042,0
397,84,2025-02-12 15:41:27.543768,0
740,299,2025-03-27 11:14:51.430771,0
748,293,2025-02-15 04:27:26.247825,0
734,458,2025-01-08 22:56:02.247082,0
223,281,2025-02-23 06:20:37.085089,0
733,216,2025-03-03 03:57:57.528934,0
231,405,2025-04-08 22:43:33.012558,0
169,329,2025-01-29 07:01:07.018119,0
426,42,2025-04-19 22:34:27.074050,0
770,196,2025-02-21 19:44:01.327360,0
904,96,2025-04-14 07:25:29.099883,0
829,14,2025-04-02 14:12:17.316846,0
625,77,2025-04-01 21:02:13.947324,0
277,408,2025-01-23 02:11:36.694185,0
946,466,2025-03-16 01:54:04.005946,0
941,448,2025-02-03 03:12:22.781922,0
320,488,2025-04-15 21:08:04.008615,0
922,160,2025-02-17 02:40:03.474886,0
492,313,2025-04-03 02:33:58.948973,0
631,437,2025-01-07 00:46:07.179873,0
161,308,2025-01-09 15:43:54.418045,0
863,146,2025-02-28 15:19:18.023293,0
675,396,2025-01-17 00:24:24.472533,0
691,89,2025-02-04 06:22:33.192349,0
735,266,2025-01-01 18:31:32.194424,0
751,308,2025-03-27 21:22:01.694964,0
546,371,2025-04-27 05:30:16.026249,0
451,494,2025-01-11 02:32:58.461657,0
167,392,2025-03-25 17:53:20.281396,0
637,224,2025-03-02 07:08:26.709679,0
491,413,2025-04-30 12:42:33.100058,0
150,468,2025-02-13 17:18:23.308421,0
966,189,2025-04-02 05:02:26.688649,0
43,433,2025-02-22 06:02:03.144972,0
29,362,2025-01-04 09:22:02.587888,0
632,337,2025-01-27 16:11:13.856809,0
31,181,2025-04-25 04:00:59.766391,0
674,128,2025-03-27 14:32:05.334998,0
767,294,2025-04-25 00:51:50.827003,0
441,357,2025-03-17 05:32:22.608219,0
388,254,2025-01-13 14:49:22.374733,0
642,12,2025-04-19 20:29:27.352739,0
547,198,2025-01-12 02:58:35.307917,0
760,110,2025-01-02 06:38:47.139668,0
328,405,2025-02-17 07:51:51.979993,0
245,250,2025-04-19 07:35:20.467068,0
878,317,2025-02-08 02:25:31.923632,0
163,48,2025-03-17 14:09:16.551679,0
399,71,2025-04-21 06:54:42.264081,0
399,493,2025-01-07 16:32:54.492975,0
646,239,2025-01-14 15:10:01.272380,0
465,68,2025-04-07 12:56:57.168293,0
790,32,2025-02-16 16:45:16.031597,0
123,22,2025-01-11 21:47:48.148067,0
667,110,2025-04-01 15:18:44.628661,0
271,380,2025-02-21 23:32:58.949768,0
300,115,2025-04-30 05:57:42.746430,0
982,220,2025-03-27 21:27:52.174384,0
742,252,2025-02-01 15:03:39.799691,0
249,9,2025-01-22 17:05:45.722994,0
34,228,2025-01-02 04:35:25.081899,0
585,399,2025-04-06 03:41:50.084796,0
958,301,2025-01-31 04:01:59.738171,0
724,72,2025-03-09 02:31:24.871811,0
570,220,2025-05-01 05:51:26.295931,0
371,275,2025-01-29 03:04:55.957802,0
761,16,2025-03-10 08:04:19.158867,0
75,106,2025-03-07 22:36:33.646656,0
136,417,2025-03-01 13:26:17.812860,0
74,254,2025-03-29 04:48:22.056863,0
18,419,2025-02-12 18:54:54.032722,0
43,50,2025-04-01 16:40:39.668571,0
515,232,2025-04-16 00:27:32.712001,0
731,59,2025-04-28 10:03:16.900117,0
796,302,2025-03-10 15:35:51.670416,0
576,70,2025-04-13 14:50:32.313271,0
303,142,2025-03-25 18:19:15.512932,0
903,202,2025-02-11 03:04:42.912134,0
207,415,2025-04-27 21:17:45.664578,0
221,362,2025-02-26 20:31:49.286598,0
758,81,2025-02-07 09:44:42.425333,0
763,51,2025-02-15 08:02:18.134696,0
285,369,2025-02-28 10:12:07.509849,0
492,399,2025-02-07 09:34:51.032717,0
896,346,2025-03-23 23:57:16.789033,0
204,25,2025-03-08 20:17:42.299105,0
957,41,2025-02-18 21:45:02.608277,0
69,4,2025-04-21 13:32:36.050216,0
492,240,2025-03-26 23:43:22.347519,0
361,441,2025-01-07 21:15:24.479425,0
31,387,2025-01-16 19:54:21.765575,0
629,195,2025-03-01 19:27:18.526730,0
602,178,2025-03-06 17:27:26.045341,0
657,444,2025-01-18 08:15:37.138314,0
714,322,2025-03-30 01:57:24.781130,0
344,203,2025-04-01 17:36:29.092145,0
536,355,2025-04-16 09:51:21.573221,0
471,416,2025-01-07 21:37:54.015600,0
983,482,2025-04-06 16:32:32.587324,0
105,275,2025-03-29 02:49:18.390384,0
322,60,2025-04-17 18:41:05.806542,0
883,450,2025-04-28 13:47:42.427486,0
527,85,2025-03-27 00:13:04.438003,0
931,197,2025-04-18 11:27:03.607165,0
235,411,2025-03-17 03:36:25.425070,0
856,263,2025-03-05 05:37:22.741966,0
6,494,2025-04-27 03:35:22.355362,0
893,289,2025-01-10 21:26:10.255897,0
570,433,2025-01-22 14:20:21.911138,0
657,366,2025-04-09 16:55:13.198829,0
554,350,2025-03-03 16:09:09.183247,0
200,424,2025-02-10 11:05:12.958292,0
686,455,2025-02-05 12:56:57.367715,0
966,452,2025-01-29 02:27:33.391971,0
897,335,2025-02-21 01:26:08.685973,0
607,217,2025-01-31 01:46:53.744042,0
623,353,2025-01-16 18:13:08.595650,0
692,163,2025-03-16 19:04:45.688017,0
631,325,2025-03-06 23:16:55.729215,0
901,228,2025-03-07 01:39:17.793256,0
145,437,2025-02-25 07:19:40.326491,0
308,142,2025-02-05 14:39:52.665727,0
634,285,2025-03-28 18:41:00.412286,0
392,226,2025-02-24 07:52:16.047154,0
360,257,2025-04-14 10:28:13.868986,0
797,420,2025-04-20 17:22:47.004550,0
947,165,2025-01-24 19:13:26.498147,0
733,69,2025-01-20 14:43:08.764016,0
821,224,2025-02-22 16:58:49.380483,0
124,436,2025-02-02 10:07:43.157098,0
344,339,2025-03-11 13:24:34.361090,0
524,52,2025-02-22 22:17:15.086761,0
129,135,2025-02-24 17:18:58.896312,0
657,127,2025-01-13 11:16:24.194767,0
738,427,2025-04-04 15:27:42.845617,0
71,273,2025-04-03 12:23:01.058995,0
187,3,2025-01-10 05:07:13.160434,0
285,22,2025-03-21 13:44:01.109724,0
166,310,2025-04-22 23:25:07.531847,0
875,477,2025-03-03 19:00:07.447660,0
498,434,2025-02-15 00:11:27.672679,0
758,234,2025-02-02 04:30:16.360009,0
837,158,2025-03-21 20:01:44.209740,0
663,213,2025-03-14 15:13:17.180095,0
376,218,2025-02-19 22:39:03.098502,0
246,303,2025-04-20 23:00:00.468896,0
405,276,2025-01-18 14:38:49.512233,0
663,196,2025-03-04 21:14:22.746956,0
917,21,2025-03-19 02:31:14.149073,0
257,399,2025-01-05 09:37:43.503822,0
529,51,2025-03-01 20:23:11.873748,0
447,270,2025-04-16 23:03:26.131346,0
827,83,2025-02-09 16:25:30.602772,0
818,124,2025-04-28 01:30:14.225068,0
802,262,2025-03-29 18:39:17.638503,0
365,49,2025-02-06 17:59:45.364615,0
518,117,2025-01-17 03:46:27.283561,0
118,453,2025-02-08 19:16:45.095597,0
775,353,2025-01-31 18:54:07.312861,0
973,435,2025-02-08 22:59:53.659372,0
886,129,2025-01-03 14:03:55.645858,0
397,171,2025-04-01 07:39:48.211091,0
27,199,2025-01-27 09:39:24.404197,0
372,387,2025-01-09 00:26:14.042472,0
826,345,2025-01-15 05:21:25.286985,0
97,488,2025-03-11 17:31:58.899432,0
529,173,2025-04-10 09:01:50.032132,0
974,101,2025-03-17 03:44:01.877722,0
186,184,2025-03-19 10:57:32.957819,0
950,215,2025-04-11 03:33:38.360099,0
251,216,2025-01-05 07:03:16.284785,0
29,102,2025-04-08 13:54:12.753036,0
123,54,2025-03-04 06:24:38.356767,0
283,102,2025-02-21 01:45:27.672256,0
117,104,2025-04-16 20:30:43.040121,0
557,114,2025-01-08 11:07:05.791864,0
855,31,2025-04-27 11:53:23.889111,0
676,465,2025-04-07 15:08:22.674971,0
701,293,2025-04-01 09:49:08.073198,0
195,292,2025-04-24 07:11:15.748935,0
887,261,2025-03-22 04:05:23.836805,0
942,207,2025-02-05 22:31:32.344866,0
564,49,2025-04-25 15:46:23.739373,0
6,379,2025-01-22 15:55:20.639342,0
394,374,2025-02-28 23:44:22.433386,0
224,23,2025-01-13 11:02:46.413903,0
657,110,2025-01-06 23:00:32.457910,0
724,300,2025-01-23 00:22:15.042311,0
553,399,2025-02-13 01:51:28.307346,0
172,494,2025-04-27 15:33:41.524580,0
698,214,2025-02-25 07:39:47.848000,0
306,52,2025-04-09 22:06:12.713785,0
582,196,2025-01-25 23:07:50.962715,0
959,442,2025-03-11 19:25:17.570361,0
151,428,2025-02-09 19:52:04.994709,0
621,467,2025-04-24 06:02:28.941572,0
630,365,2025-02-03 20:50:45.354370,0
607,256,2025-01-31 22:32:03.121324,0
556,436,2025-03-01 17:15:17.029951,0
67,156,2025-02-09 20:45:09.112601,0
835,206,2025-01-31 02:14:31.306218,0
786,155,2025-04-16 17:44:08.982351,0
691,60,2025-04-28 17:51:31.219665,0
74,49,2025-04-25 02:12:30.517257,0
783,467,2025-04-01 17:00:31.039017,0
585,196,2025-01-21 21:47:46.797790,0
911,179,2025-04-05 22:22:31.245448,0
48,72,2025-03-07 07:58:26.227181,0
113,245,2025-02-20 11:36:06.549305,0
897,391,2025-04-09 02:56:08.604041,0
821,159,2025-01-11 17:34:00.922995,0
786,268,2025-04-01 08:59:53.571261,0
816,30,2025-01-05 17:40:38.204816,0
97,251,2025-01-26 14:39:44.358812,0
519,92,2025-03-15 00:24:46.080587,0
113,259,2025-01-11 15:55:35.140840,0
107,63,2025-04-26 18:11:51.151467,0
390,479,2025-02-25 08:15:18.105066,0
358,271,2025-01-23 14:14:03.523520,0
199,427,2025-04-14 04:58:31.877122,0
478,347,2025-01-09 00:15:46.698362,0
849,146,2025-01-24 23:12:39.394555,0
918,61,2025-03-25 22:45:27.909436,0
120,61,2025-04-28 19:22:16.627410,0
309,26,2025-04-08 05:25:02.138037,0
627,475,2025-03-15 02:47:39.433914,0
552,344,2025-04-18 12:44:37.913573,0
628,136,2025-02-22 08:06:38.423769,0
277,477,2025-01-30 12:39:23.361773,0
811,21,2025-02-26 16:07:35.171233,0
899,31,2025-03-04 17:55:15.262320,0
247,411,2025-03-27 23:54:46.241115,0
27,73,2025-03-24 09:41:49.236714,0
953,97,2025-02-11 06:31:56.438158,0
673,346,2025-04-06 05:36:58.392949,0
476,300,2025-01-12 00:27:53.819071,0
299,287,2025-02-25 06:00:45.373764,0
885,449,2025-03-02 14:19:43.562219,0
212,76,2025-01-29 22:56:40.939018,0
401,143,2025-01-15 16:37:48.808239,0
34,498,2025-02-19 07:11:47.581768,0
848,4,2025-02-03 05:33:50.043153,0
328,98,2025-02-22 04:06:14.539245,0
366,217,2025-04-12 04:22:19.641536,0
463,28,2025-03-24 17:16:45.177452,0
713,386,2025-02-21 21:03:55.132090,0
273,314,2025-04-13 15:26:18.709094,0
127,202,2025-04-19 23:14:07.023692,0
521,287,2025-03-05 09:16:58.990793,0
450,88,2025-03-09 11:30:55.803929,0
318,19,2025-02-22 18:12:38.579438,0
593,107,2025-04-17 14:47:38.741837,0
458,498,2025-04-17 13:32:57.366266,0
311,412,2025-02-26 05:52:05.570361,0
742,112,2025-01-01 23:01:40.396983,0
732,123,2025-01-05 06:18:21.871743,0
498,244,2025-03-20 00:19:35.871648,0
690,65,2025-04-10 08:21:46.734147,0
380,3,2025-04-30 12:38:18.560682,0
207,436,2025-02-23 14:56:02.689170,0
394,21,2025-03-11 14:56:41.399577,0
805,15,2025-04-25 15:37:11.202667,0
343,206,2025-01-09 22:47:08.095597,0
975,202,2025-01-04 02:14:34.689871,0
120,137,2025-04-22 08:37:11.935826,0
812,295,2025-03-28 13:06:30.980826,0
389,25,2025-03-18 06:58:43.039774,0
824,234,2025-04-14 08:37:38.359166,0
633,90,2025-02-17 00:13:41.755482,0
320,200,2025-04-06 23:05:15.662369,0
982,180,2025-01-07 08:07:07.375052,0
857,368,2025-04-23 23:29:27.311833,0
76,137,2025-02-06 15:25:07.301379,0
650,496,2025-02-27 08:33:45.309654,0
522,201,2025-04-23 01:42:37.263259,0
830,346,2025-03-15 00:45:48.265890,0
483,219,2025-02-05 19:34:26.971287,0
60,479,2025-03-04 21:48:59.783962,0
659,107,2025-04-04 22:21:37.012661,0
550,134,2025-02-18 12:38:24.800241,0
911,221,2025-03-27 03:50:52.940094,0
815,429,2025-03-11 07:04:49.155472,0
502,133,2025-04-29 15:26:47.579039,0
846,53,2025-04-26 21:08:33.739135,0
450,62,2025-03-25 13:24:02.319465,0
23,44,2025-04-15 02:56:11.817564,0
820,46,2025-03-05 13:00:46.786568,0
659,216,2025-03-06 07:19:59.850174,0
852,47,2025-04-16 10:12:47.557445,0
859,308,2025-04-05 06:52:02.152804,0
24,145,2025-04-01 09:50:39.713854,0
89,174,2025-01-21 12:04:42.753031,0
576,119,2025-03-11 06:55:41.855631,0
735,156,2025-02-02 08:39:58.243426,0
178,320,2025-01-03 08:24:44.298175,0
924,342,2025-01-29 08:13:58.906965,0
568,59,2025-01-25 09:12:39.498240,0
901,438,2025-02-13 19:50:08.379345,0
428,426,2025-02-27 11:52:05.876853,0
968,381,2025-03-24 16:27:16.409173,0
486,220,2025-03-31 13:54:53.396544,0
185,47,2025-04-23 18:00:15.249467,0
460,377,2025-02-01 16:41:13.628597,0
921,102,2025-03-02 15:12:00.678308,0
556,15,2025-03-04 21:33:50.839864,0
748,361,2025-01-09 23:23:51.591807,0
51,309,2025-04-25 22:16:00.967938,0
34,124,2025-02-16 20:49:32.544356,0
589,392,2025-02-10 20:11:39.214005,0
635,205,2025-02-01 07:35:21.832026,0
740,70,2025-02-01 23:24:44.052511,0
230,480,2025-02-26 04:07:53.028711,0
533,108,2025-02-03 09:45:06.205333,0
876,241,2025-02-15 05:26:36.301274,0
251,135,2025-03-06 18:02:09.717283,0
90,79,2025-04-21 12:28:14.714698,0
440,177,2025-02-22 20:09:05.176395,0
298,407,2025-04-28 16:20:02.664346,0
308,102,2025-01-31 01:02:44.935990,0
361,335,2025-04-20 13:59:54.607462,0
624,181,2025-03-09 18:21:59.684096,0
616,16,2025-01-09 20:21:44.090158,0
608,293,2025-01-15 12:10:12.505794,0
146,404,2025-04-24 01:24:30.165006,0
814,2,2025-02-12 23:39:44.248193,0
119,343,2025-01-30 04:10:45.169148,0
606,191,2025-04-07 21:59:46.608480,0
3,430,2025-01-01 21:29:00.362388,0
487,111,2025-01-17 11:44:31.441385,0
177,257,2025-04-05 14:32:07.442874,0
873,22,2025-02-09 22:16:25.679655,0
477,398,2025-02-04 09:30:52.275433,0
496,220,2025-03-04 11:22:20.925342,0
981,173,2025-02-20 05:16:44.387088,0
736,390,2025-02-19 07:48:13.976764,0
502,65,2025-04-10 18:27:16.477830,0
789,249,2025-02-26 14:53:10.360877,0
260,131,2025-04-22 04:16:02.311922,0
113,286,2025-01-24 04:58:19.999623,0
799,418,2025-02-02 19:26:15.260374,0
723,20,2025-02-20 22:00:34.493304,0
215,310,2025-04-01 05:56:35.386856,0
251,488,2025-03-31 23:07:16.278599,0
382,409,2025-04-19 23:36:11.825340,0
271,422,2025-02-09 10:51:42.366877,0
407,180,2025-01-22 17:04:27.285161,0
194,441,2025-01-15 11:46:33.457067,0
313,79,2025-04-05 13:13:27.151972,0
180,492,2025-01-26 01:56:45.488307,0
675,202,2025-03-04 18:55:13.927073,0
14,347,2025-02-20 00:22:01.868626,0
246,14,2025-03-10 10:51:13.441417,0
99,33,2025-03-30 15:21:05.573875,0
436,257,2025-02-27 05:21:16.638203,0
34,19,2025-01-01 20:54:39.098877,0
664,490,2025-02-03 12:53:05.635043,0
260,164,2025-01-22 08:59:18.044556,0
589,314,2025-02-09 07:51:50.502821,0
416,137,2025-04-07 07:42:08.125562,0
359,208,2025-04-01 10:59:39.333709,0
754,67,2025-01-20 21:13:11.612090,0
116,404,2025-01-26 23:43:37.762959,0
202,376,2025-03-06 08:27:49.518639,0
250,446,2025-03-14 04:50:12.563153,0
954,278,2025-03-31 08:06:54.042173,0
112,451,2025-01-06 22:54:19.206929,0
843,473,2025-03-28 15:50:25.747000,0
746,176,2025-03-30 17:38:09.643824,0
392,457,2025-03-11 18:53:31.552390,0
143,32,2025-02-10 02:38:45.544287,0
181,67,2025-03-14 05:10:50.860950,0
516,286,2025-04-17 04:59:22.686464,0
269,236,2025-03-02 01:07:23.581141,0
277,41,2025-03-25 13:42:26.075003,0
633,494,2025-04-04 20:40:17.595400,0
275,231,2025-02-19 10:20:42.200419,0
816,86,2025-03-10 08:56:45.690967,0
63,404,2025-01-17 22:42:57.134815,0
192,293,2025-03-22 07:38:21.505547,0
31,330,2025-04-19 19:32:57.359766,0
658,107,2025-01-27 22:17:20.166435,0
871,110,2025-04-26 06:34:22.444732,0
276,210,2025-03-10 20:59:22.310819,0
651,86,2025-03-03 01:09:00.767664,0
556,82,2025-02-03 08:33:30.523596,0
64,378,2025-03-04 18:35:45.179951,0
930,343,2025-01-24 02:51:30.453233,0
833,55,2025-02-01 01:53:15.833474,0
586,373,2025-02-26 05:53:53.115427,0
129,256,2025-02-06 02:11:05.154239,0
934,231,2025-01-28 06:26:37.867231,0
497,137,2025-03-03 05:08:50.396732,0
863,455,2025-02-11 06:05:12.424762,0
913,355,2025-01-17 06:20:17.729522,0
624,485,2025-04-27 19:57:56.343416,0
820,146,2025-03-10 17:07:15.747910,0
959,33,2025-04-05 02:42:54.902910,0
260,87,2025-02-19 00:36:28.576674,0
843,436,2025-03-07 03:05:34.537225,0
265,320,2025-01-22 08:07:38.274858,0
542,392,2025-02-07 04:32:23.936959,0
232,389,2025-03-17 18:41:21.194103,0
588,447,2025-01-22 08:48:34.982917,0
129,271,2025-01-27 17:54:57.510821,0
89,466,2025-02-13 04:04:49.413185,0
934,170,2025-02-15 11:13:40.798487,0
128,174,2025-04-09 21:56:18.153776,0
949,26,2025-02-26 19:18:20.700203,0
573,488,2025-04-25 02:19:02.481020,0
891,67,2025-02-09 12:52:51.927540,0
950,406,2025-03-31 14:48:34.963310,0
26,83,2025-02-15 06:01:08.238836,0
364,367,2025-04-10 04:26:36.920204,0
60,39,2025-02-04 16:23:16.957605,0
635,292,2025-01-13 04:21:29.314446,0
789,425,2025-02-25 19:50:37.207407,0
886,304,2025-04-17 12:27:30.482358,0
794,191,2025-02-15 01:53:46.453003,0
461,292,2025-03-01 06:06:19.873437,0
664,384,2025-01-23 10:03:24.904609,0
233,474,2025-04-20 00:50:14.229677,0
405,146,2025-03-04 08:39:51.771319,0
271,335,2025-03-11 23:20:03.788063,0
134,171,2025-01-13 18:47:33.368038,0
415,28,2025-04-07 13:45:51.728980,0
136,413,2025-02-21 12:52:27.436084,0
405,465,2025-04-07 00:39:46.659617,0
888,241,2025-02-08 14:34:20.993177,0
856,442,2025-03-05 05:40:31.802752,0
444,434,2025-02-22 11:43:30.371311,0
228,287,2025-02-01 07:09:50.003816,0
303,34,2025-03-24 18:49:50.030524,0
2,362,2025-01-16 22:18:10.312420,0
195,94,2025-04-17 23:12:49.109515,0
840,308,2025-03-07 01:06:47.430228,0
647,204,2025-02-11 22:42:29.109924,0
250,147,2025-01-10 12:06:48.720726,0
346,348,2025-02-10 02:57:16.501366,0
254,399,2025-02-20 02:42:22.887565,0
334,176,2025-02-18 03:17:50.215490,0
125,251,2025-04-22 16:41:30.682434,0
398,131,2025-02-23 14:57:06.972097,0
562,93,2025-01-05 16:20:16.932538,0
892,310,2025-03-20 08:03:38.161314,0
902,433,2025-04-05 22:47:32.263807,0
407,220,2025-01-10 11:26:44.726895,0
846,334,2025-01-01 12:32:37.041731,0
20,205,2025-04-12 12:59:33.754755,0
603,444,2025-01-25 06:34:20.263479,0
355,173,2025-04-11 21:58:25.592715,0
189,312,2025-04-25 21:31:56.449224,0
2,361,2025-04-16 02:37:57.631602,0
941,168,2025-01-21 22:59:56.738847,0
368,24,2025-01-02 06:51:58.776923,0
925,451,2025-03-16 06:32:01.066553,0
877,68,2025-01-08 11:03:40.264814,0
370,194,2025-02-06 20:11:44.143075,0
596,438,2025-01-10 10:37:09.317300,0
437,207,2025-04-07 18:22:55.149684,0
49,32,2025-04-24 01:13:01.780426,0
829,170,2025-01-13 08:40:58.444126,0
129,447,2025-03-09 17:44:46.081269,0
614,35,2025-04-07 07:38:43.431341,0
819,199,2025-01-07 09:54:10.709709,0
813,77,2025-02-05 07:00:30.885389,0
369,321,2025-04-30 01:48:26.437817,0
526,349,2025-01-02 23:14:16.456321,0
506,131,2025-04-16 18:10:56.768357,0
238,280,2025-02-13 18:28:16.457619,0
577,432,2025-01-17 01:22:14.179792,0
138,269,2025-03-04 16:07:48.966006,0
740,201,2025-01-17 09:08:34.303119,0
142,100,2025-04-07 12:09:01.883806,0
650,168,2025-01-26 14:30:28.309020,0
919,99,2025-01-10 20:54:03.092736,0
823,319,2025-04-19 00:36:27.269049,0
839,426,2025-03-21 00:20:10.269174,0
355,66,2025-04-13 06:37:49.155824,0
847,329,2025-04-30 15:16:52.427790,0
559,337,2025-03-28 09:30:50.780900,0
894,231,2025-02-21 14:48:39.749472,0
308,146,2025-04-15 04:30:11.011096,0
719,146,2025-04-05 23:17:04.029449,0
152,279,2025-01-08 02:30:15.149494,0
140,151,2025-01-31 17:13:32.709506,0
21,254,2025-02-09 05:19:53.416566,0
64,218,2025-04-20 17:56:58.126074,0
72,478,2025-01-12 14:55:30.238207,0
162,130,2025-02-01 10:44:58.806533,0
581,415,2025-03-27 21:45:04.673508,0
225,246,2025-05-01 06:01:13.434809,0
580,454,2025-04-05 22:31:13.365067,0
983,493,2025-02-10 00:24:03.748225,0
915,384,2025-03-23 02:24:13.365023,0
107,109,2025-04-25 23:27:06.641219,0
840,103,2025-02-16 05:59:56.985405,0
141,65,2025-03-08 17:59:26.410810,0
134,199,2025-04-21 17:17:12.694824,0
880,155,2025-04-03 09:56:32.774996,0
79,436,2025-02-21 00:18:48.096504,0
894,482,2025-04-11 23:00:42.063436,0
512,250,2025-01-10 23:49:30.156603,0
889,87,2025-01-27 09:00:07.984447,0
816,241,2025-04-17 21:56:23.649895,0
600,463,2025-04-16 20:14:01.557822,0
483,324,2025-01-10 05:04:21.301495,0
172,357,2025-04-24 15:19:05.663273,0
17,223,2025-01-30 22:20:40.755435,0
294,394,2025-04-19 22:09:07.522463,0
822,498,2025-03-06 19:08:29.486419,0
219,234,2025-02-27 23:40:11.431983,0
390,248,2025-03-15 16:21:16.274536,0
902,52,2025-03-20 22:54:04.026960,0
15,324,2025-01-18 11:21:31.852630,0
441,112,2025-03-01 19:24:46.199680,0
696,360,2025-01-05 13:45:32.082411,0
7,51,2025-04-07 01:02:17.737873,0
826,241,2025-04-28 20:22:13.312601,0
245,448,2025-01-29 02:26:46.199509,0
365,367,2025-03-03 05:24:27.345956,0
922,186,2025-03-22 09:54:15.736043,0
287,450,2025-01-21 04:25:41.120866,0
604,106,2025-03-02 18:22:28.660621,0
13,146,2025-01-03 00:17:55.667304,0
478,119,2025-04-07 23:49:23.184895,0
715,141,2025-03-19 17:24:59.912564,0
115,152,2025-01-09 05:39:19.099812,0
57,382,2025-02-13 09:55:44.190950,0
157,440,2025-03-24 19:48:03.548259,0
822,133,2025-01-09 21:07:00.278384,0
163,275,2025-03-22 04:03:46.380496,0
695,77,2025-01-12 13:00:10.499650,0
837,44,2025-01-08 03:34:34.106841,0
718,38,2025-04-01 09:30:11.708273,0
318,22,2025-04-20 01:22:49.277081,0
585,241,2025-04-12 14:36:00.094133,0
936,154,2025-02-18 12:25:22.730457,0
237,381,2025-01-30 05:20:32.747807,0
517,221,2025-04-28 01:06:24.375910,0
310,86,2025-04-10 18:24:25.396862,0
177,259,2025-03-12 11:24:45.069772,0
220,38,2025-03-22 19:23:52.634857,0
654,431,2025-02-24 01:53:46.677884,0
910,235,2025-01-03 22:23:20.335350,0
203,329,2025-03-17 02:40:37.911141,0
806,448,2025-02-14 01:19:53.470476,0
495,172,2025-04-29 08:21:27.989272,0
125,326,2025-04-12 21:30:48.407777,0
65,281,2025-01-27 02:51:35.552552,0
784,244,2025-01-11 01:36:19.504929,0
527,226,2025-01-25 10:20:44.528065,0
465,131,2025-03-16 21:07:53.588789,0
707,293,2025-04-16 00:10:10.148863,0
721,439,2025-02-25 23:02:56.363271,0
381,113,2025-02-06 11:34:07.348410,0
756,166,2025-03-27 23:02:20.212413,0
703,257,2025-01-28 02:55:09.359145,0
839,218,2025-02-21 01:09:20.787951,0
871,275,2025-03-19 13:40:36.752512,0
52,374,2025-04-29 15:10:51.948694,0
670,363,2025-03-12 07:33:48.826168,0
567,14,2025-04-08 14:22:05.329656,0
781,340,2025-03-28 01:52:53.055813,0
602,27,2025-03-03 19:12:55.572657,0
89,393,2025-03-16 17:47:23.055724,0
41,304,2025-03-30 03:07:16.118442,0
268,138,2025-02-27 13:25:11.274216,0
6,242,2025-02-24 19:44:51.215660,0
162,180,2025-01-20 06:23:01.044811,0
809,467,2025-01-01 13:12:42.386679,0
518,386,2025-01-21 19:50:25.889650,0
783,401,2025-04-22 17:58:25.706138,0
784,156,2025-02-01 18:09:54.878033,0
85,200,2025-02-03 03:26:01.909715,0
10,138,2025-02-24 05:54:08.092541,0
754,394,2025-04-18 07:33:56.450033,0
713,156,2025-02-18 23:14:16.861773,0
408,275,2025-02-02 19:01:43.721162,0
225,68,2025-01-02 02:56:44.848867,0
184,195,2025-02-03 19:00:30.664776,0
554,396,2025-02-21 19:30:25.455843,0
914,151,2025-02-06 02:33:32.851012,0
596,134,2025-01-20 20:16:39.734327,0
309,354,2025-02-24 10:27:13.255728,0
810,450,2025-01-11 10:50:49.185897,0
542,9,2025-01-29 10:46:51.512566,0
987,170,2025-04-16 03:40:04.979780,0
290,168,2025-04-25 02:42:56.605796,0
344,497,2025-02-03 14:29:34.002652,0
145,413,2025-01-29 15:06:02.123986,0
740,306,2025-04-14 05:17:53.404407,0
588,223,2025-02-02 18:10:23.033960,0
689,457,2025-01-08 13:31:41.352007,0
701,467,2025-03-15 20:34:40.762392,0
302,46,2025-01-04 04:54:44.804650,0
894,17,2025-02-22 08:15:27.121181,0
578,360,2025-03-17 05:29:34.183386,0
261,123,2025-01-05 19:07:08.244566,0
231,438,2025-03-04 06:44:36.826636,0
637,112,2025-01-07 15:22:30.708740,0
784,81,2025-04-03 14:34:36.402228,0
246,347,2025-03-15 00:42:58.799197,0
391,500,2025-03-16 04:43:04.588660,0
392,328,2025-01-26 05:30:50.684083,0
215,352,2025-03-30 22:56:04.733259,0
747,367,2025-01-16 00:28:33.845538,0
82,294,2025-05-01 08:04:19.216751,0
822,76,2025-03-01 11:04:43.472698,0
527,220,2025-03-12 22:32:15.543415,0
503,230,2025-01-17 20:21:58.489836,0
946,440,2025-01-17 04:31:32.199640,0
479,372,2025-04-25 11:32:44.683433,0
265,264,2025-01-06 18:58:31.635044,0
110,403,2025-04-03 06:02:07.080040,0
307,200,2025-04-19 08:02:00.998990,0
226,185,2025-03-12 14:55:18.666774,0
964,31,2025-01-20 14:13:10.201188,0
614,259,2025-04-24 05:37:51.686346,0
99,339,2025-04-04 23:09:37.058766,0
811,285,2025-03-29 00:48:52.830795,0
266,140,2025-03-08 23:21:17.404179,0
814,286,2025-04-30 04:16:02.026597,0
350,466,2025-03-26 02:51:34.831381,0
728,32,2025-01-11 23:06:19.941544,0
457,303,2025-01-31 13:51:19.577395,0
88,63,2025-03-06 00:57:29.902048,0
922,387,2025-02-11 15:15:38.729443,0
791,459,2025-01-25 16:00:42.353192,0
586,306,2025-02-25 23:12:34.562550,0
932,124,2025-02-02 03:58:37.210251,0
269,382,2025-04-14 16:08:32.126256,0
797,422,2025-03-15 12:40:32.551661,0
973,121,2025-04-20 11:22:31.610953,0
346,212,2025-01-22 19:29:40.807256,0
901,148,2025-01-18 00:51:37.129822,0
78,365,2025-03-20 19:59:57.834626,0
14,136,2025-03-18 03:09:06.889581,0
304,397,2025-01-19 23:13:04.211831,0
792,79,2025-01-21 01:39:35.507103,0
755,193,2025-02-04 05:30:24.360563,0
982,418,2025-02-14 22:34:51.507264,0
242,51,2025-02-14 21:47:27.439921,0
744,259,2025-01-02 01:00:50.443096,0
384,375,2025-04-20 17:01:30.740907,0
730,206,2025-02-18 02:38:18.754953,0
826,489,2025-01-03 16:06:42.612410,0
381,456,2025-04-17 08:36:57.845848,0
881,311,2025-03-10 23:01:20.858884,0
375,120,2025-01-05 23:36:14.931270,0
592,42,2025-03-21 16:01:55.807441,0
533,10,2025-01-29 16:45:15.312254,0
825,153,2025-03-15 01:17:14.386011,0
312,294,2025-04-26 17:51:40.769976,0
598,113,2025-02-11 23:48:08.115041,0
701,112,2025-04-26 09:49:13.053672,0
175,310,2025-02-14 03:44:08.391266,0
302,452,2025-03-29 18:49:37.746179,0
516,222,2025-01-15 00:03:26.855572,0
962,221,2025-02-26 08:45:46.277354,0
171,318,2025-01-08 11:48:06.883818,0
996,213,2025-03-12 08:44:16.509483,0
253,124,2025-04-18 23:08:15.849224,0
640,213,2025-01-08 07:48:00.622795,0
624,85,2025-01-28 02:27:29.433092,0
516,65,2025-03-26 13:05:16.393442,0
318,346,2025-03-10 02:04:20.610001,0
632,243,2025-03-04 07:10:48.676262,0
898,137,2025-03-09 21:18:16.200773,0
247,441,2025-04-27 13:09:57.613622,0
45,146,2025-04-25 15:13:56.972267,0
880,176,2025-01-12 01:48:49.033436,0
554,297,2025-02-16 23:30:42.220309,0
971,89,2025-04-05 08:50:36.887822,0
730,442,2025-03-05 22:53:15.117200,0
228,298,2025-04-21 23:21:10.759979,0
291,422,2025-03-18 00:04:59.773183,0
67,251,2025-04-13 03:40:50.306673,0
41,99,2025-03-27 20:30:34.740243,0
306,360,2025-03-10 04:29:20.902648,0
854,456,2025-03-14 15:37:57.178765,0
591,301,2025-03-31 23:36:45.985734,0
199,147,2025-01-18 23:46:24.131649,0
488,106,2025-01-09 13:25:09.626552,0
401,193,2025-03-11 11:37:39.149672,0
477,122,2025-01-10 02:11:52.960048,0
77,312,2025-02-12 02:25:33.340236,0
112,349,2025-04-22 21:21:48.520464,0
809,170,2025-01-21 21:37:49.108901,0
518,197,2025-01-26 23:15:48.228761,0
98,459,2025-04-09 09:29:20.598925,0
841,230,2025-01-24 18:37:21.348739,0
168,297,2025-01-25 22:27:56.402063,0
777,8,2025-01-21 09:31:17.298732,0
172,442,2025-01-04 07:40:18.646641,0
360,195,2025-02-08 12:14:07.123466,0
269,19,2025-02-23 20:12:27.301936,0
354,352,2025-01-05 08:35:19.572418,0
49,464,2025-01-25 10:06:25.927690,0
356,338,2025-04-04 07:38:42.084231,0
974,158,2025-01-02 08:14:51.920567,0
66,461,2025-02-03 23:54:21.173161,0
859,59,2025-04-23 11:17:25.926661,0
821,308,2025-03-20 21:08:53.017467,0
337,159,2025-04-13 04:22:03.061725,0
783,121,2025-01-14 11:50:14.793189,0
766,404,2025-02-21 02:52:23.540863,0
773,135,2025-03-11 11:12:13.264216,0
786,56,2025-03-11 18:50:34.358012,0
843,96,2025-03-21 14:57:34.853108,0
114,475,2025-01-17 03:21:35.345399,0
986,357,2025-01-13 21:35:29.175935,0
429,28,2025-03-28 07:20:34.621974,0
818,2,2025-03-18 04:32:45.493854,0
212,68,2025-02-22 01:23:18.459555,0
640,333,2025-03-18 02:28:10.493032,0
24,253,2025-03-02 15:52:19.364351,0
368,230,2025-01-16 10:06:29.524698,0
506,488,2025-01-12 12:32:25.510661,0
176,429,2025-03-24 03:08:28.181828,0
887,221,2025-02-14 03:10:49.599791,0
442,36,2025-04-14 11:55:48.401504,0
514,383,2025-04-14 11:31:54.270365,0
361,274,2025-04-26 09:24:11.760107,0
177,264,2025-04-07 18:33:17.799802,0
186,15,2025-01-28 06:38:21.727193,0
913,279,2025-04-17 16:17:09.302155,0
706,198,2025-04-24 17:04:57.397520,0
349,411,2025-03-16 00:02:36.212589,0
421,305,2025-02-17 20:46:13.584919,0
64,290,2025-01-27 15:22:57.466663,0
18,64,2025-01-28 23:02:57.903799,0
874,330,2025-04-11 01:25:50.283149,0
870,251,2025-03-13 04:11:48.224783,0
940,17,2025-04-04 23:57:28.783650,0
443,141,2025-02-14 18:57:45.437813,0
308,444,2025-04-28 20:03:37.702804,0
496,426,2025-02-15 10:47:48.738398,0
475,320,2025-03-12 05:05:34.507292,0
245,450,2025-01-20 17:12:36.848794,0
802,351,2025-04-14 01:07:48.185734,0
599,199,2025-02-21 22:59:30.491957,0
870,448,2025-01-23 05:55:59.556898,0
161,140,2025-01-19 05:39:29.389020,0
493,76,2025-03-19 10:07:18.237499,0
531,393,2025-04-09 09:02:56.483751,0
842,401,2025-01-23 12:03:25.887307,0
50,232,2025-03-17 21:35:20.160476,0
295,425,2025-02-22 09:00:01.712419,0
906,12,2025-03-14 00:55:58.038599,0
335,479,2025-03-16 01:02:36.473316,0
15,28,2025-04-03 04:43:58.193048,0
388,292,2025-01-03 08:28:06.091113,0
887,321,2025-01-28 20:22:35.679380,0
250,492,2025-02-25 14:51:52.585267,0
505,98,2025-01-03 02:14:50.331073,0
815,337,2025-03-30 04:14:53.039300,0
39,38,2025-04-18 21:03:34.489081,0
300,179,2025-01-19 00:12:19.613039,0
609,380,2025-02-03 16:14:51.266072,0
469,282,2025-03-19 08:57:23.774861,0
750,164,2025-04-10 01:15:43.596293,0
453,97,2025-01-18 03:50:45.523117,0
769,309,2025-04-18 23:22:14.741082,0
262,293,2025-01-08 01:07:22.360167,0
770,249,2025-04-07 05:30:29.360322,0
245,251,2025-04-21 13:13:38.986945,0
123,325,2025-02-25 12:04:37.348769,0
986,169,2025-03-23 01:51:58.684275,0
947,175,2025-03-09 23:33:42.137740,0
781,204,2025-04-25 07:39:37.173603,0
837,66,2025-04-04 03:37:10.767473,0
827,324,2025-04-10 21:53:36.668862,0
59,219,2025-03-17 12:59:46.267542,0
498,373,2025-01-17 23:10:42.128261,0
266,141,2025-01-01 01:23:14.994989,0
236,386,2025-03-30 16:19:04.029819,0
